[2026-08-12 05:27:06] production.ERROR: Class "Laravel\Sanctum\Sanctum" not found {"exception":"[object] (Error(code: 0): Class \"Laravel\\Sanctum\\Sanctum\" not found at C:/Users/matia/EV1-laravel/config/sanctum.php:21)
[stacktrace]
#0 C:/Users/matia/EV1-laravel/vendor/laravel/framework/src/Illuminate/Foundation/Bootstrap/LoadConfiguration.php(70): require()
#1 C:/Users/matia/EV1-laravel/vendor/laravel/framework/src/Illuminate/Foundation/Bootstrap/LoadConfiguration.php(39): Illuminate/Foundation/Bootstrap/LoadConfiguration->loadConfigurationFiles()
#2 C:/Users/matia/EV1-laravel/vendor/laravel/framework/src/Illuminate/Foundation/Application.php(286): Illuminate/Foundation/Bootstrap/LoadConfiguration->bootstrap()
#3 C:/Users/matia/EV1-laravel/vendor/laravel/framework/src/Illuminate/Foundation/Console/Kernel.php(447): Illuminate/Foundation/Application->bootstrapWith()
#4 C:/Users/matia/EV1-laravel/vendor/laravel/framework/src/Illuminate/Foundation/Console/Kernel.php(199): Illuminate/Foundation/Console/Kernel->bootstrap()
#5 C:/Users/matia/EV1-laravel/artisan(27): Illuminate/Foundation/Console/Kernel->handle()
#6 {main}
"} 
[2026-08-12 05:28:57] local.ERROR: Class "App\Providers\AppServiceProvider" not found {"exception":"[object] (Error(code: 0): Class \"App\\Providers\\AppServiceProvider\" not found at C:/Users/matia/EV1-laravel/vendor/laravel/framework/src/Illuminate/Foundation/ProviderRepository.php:206)
[stacktrace]
#0 C:/Users/matia/EV1-laravel/vendor/laravel/framework/src/Illuminate/Foundation/ProviderRepository.php(142): Illuminate/Foundation/ProviderRepository->createProvider()
#1 C:/Users/matia/EV1-laravel/vendor/laravel/framework/src/Illuminate/Foundation/ProviderRepository.php(61): Illuminate/Foundation/ProviderRepository->compileManifest()
#2 C:/Users/matia/EV1-laravel/vendor/laravel/framework/src/Illuminate/Foundation/Application.php(794): Illuminate/Foundation/ProviderRepository->load()
#3 C:/Users/matia/EV1-laravel/vendor/laravel/framework/src/Illuminate/Foundation/Bootstrap/RegisterProviders.php(17): Illuminate/Foundation/Application->registerConfiguredProviders()
#4 C:/Users/matia/EV1-laravel/vendor/laravel/framework/src/Illuminate/Foundation/Application.php(286): Illuminate/Foundation/Bootstrap/RegisterProviders->bootstrap()
#5 C:/Users/matia/EV1-laravel/vendor/laravel/framework/src/Illuminate/Foundation/Console/Kernel.php(447): Illuminate/Foundation/Application->bootstrapWith()
#6 C:/Users/matia/EV1-laravel/vendor/laravel/framework/src/Illuminate/Foundation/Console/Kernel.php(199): Illuminate/Foundation/Console/Kernel->bootstrap()
#7 C:/Users/matia/EV1-laravel/artisan(27): Illuminate/Foundation/Console/Kernel->handle()
#8 {main}
"} 
[2026-08-12 05:30:45] local.ERROR: Class "App\Providers\AuthServiceProvider" not found {"exception":"[object] (Error(code: 0): Class \"App\\Providers\\AuthServiceProvider\" not found at C:/Users/matia/EV1-laravel/vendor/laravel/framework/src/Illuminate/Foundation/ProviderRepository.php:206)
[stacktrace]
#0 C:/Users/matia/EV1-laravel/vendor/laravel/framework/src/Illuminate/Foundation/ProviderRepository.php(142): Illuminate/Foundation/ProviderRepository->createProvider()
#1 C:/Users/matia/EV1-laravel/vendor/laravel/framework/src/Illuminate/Foundation/ProviderRepository.php(61): Illuminate/Foundation/ProviderRepository->compileManifest()
#2 C:/Users/matia/EV1-laravel/vendor/laravel/framework/src/Illuminate/Foundation/Application.php(794): Illuminate/Foundation/ProviderRepository->load()
#3 C:/Users/matia/EV1-laravel/vendor/laravel/framework/src/Illuminate/Foundation/Bootstrap/RegisterProviders.php(17): Illuminate/Foundation/Application->registerConfiguredProviders()
#4 C:/Users/matia/EV1-laravel/vendor/laravel/framework/src/Illuminate/Foundation/Application.php(286): Illuminate/Foundation/Bootstrap/RegisterProviders->bootstrap()
#5 C:/Users/matia/EV1-laravel/vendor/laravel/framework/src/Illuminate/Foundation/Console/Kernel.php(447): Illuminate/Foundation/Application->bootstrapWith()
#6 C:/Users/matia/EV1-laravel/vendor/laravel/framework/src/Illuminate/Foundation/Console/Kernel.php(199): Illuminate/Foundation/Console/Kernel->bootstrap()
#7 C:/Users/matia/EV1-laravel/artisan(27): Illuminate/Foundation/Console/Kernel->handle()
#8 {main}
"} 
[2026-08-12 05:31:53] local.ERROR: Class "App\Providers\EventServiceProvider" not found {"exception":"[object] (Error(code: 0): Class \"App\\Providers\\EventServiceProvider\" not found at C:/Users/matia/EV1-laravel/vendor/laravel/framework/src/Illuminate/Foundation/ProviderRepository.php:206)
[stacktrace]
#0 C:/Users/matia/EV1-laravel/vendor/laravel/framework/src/Illuminate/Foundation/ProviderRepository.php(142): Illuminate/Foundation/ProviderRepository->createProvider()
#1 C:/Users/matia/EV1-laravel/vendor/laravel/framework/src/Illuminate/Foundation/ProviderRepository.php(61): Illuminate/Foundation/ProviderRepository->compileManifest()
#2 C:/Users/matia/EV1-laravel/vendor/laravel/framework/src/Illuminate/Foundation/Application.php(794): Illuminate/Foundation/ProviderRepository->load()
#3 C:/Users/matia/EV1-laravel/vendor/laravel/framework/src/Illuminate/Foundation/Bootstrap/RegisterProviders.php(17): Illuminate/Foundation/Application->registerConfiguredProviders()
#4 C:/Users/matia/EV1-laravel/vendor/laravel/framework/src/Illuminate/Foundation/Application.php(286): Illuminate/Foundation/Bootstrap/RegisterProviders->bootstrap()
#5 C:/Users/matia/EV1-laravel/vendor/laravel/framework/src/Illuminate/Foundation/Console/Kernel.php(447): Illuminate/Foundation/Application->bootstrapWith()
#6 C:/Users/matia/EV1-laravel/vendor/laravel/framework/src/Illuminate/Foundation/Console/Kernel.php(199): Illuminate/Foundation/Console/Kernel->bootstrap()
#7 C:/Users/matia/EV1-laravel/artisan(27): Illuminate/Foundation/Console/Kernel->handle()
#8 {main}
"} 
[2026-08-12 05:34:12] local.ERROR: could not find driver (Connection: mysql, SQL: select table_name as `name`, (data_length + index_length) as `size`, table_comment as `comment`, engine as `engine`, table_collation as `collation` from information_schema.tables where table_schema = 'desarrollo_software_1' and table_type in ('BASE TABLE', 'SYSTEM VERSIONED') order by table_name) {"exception":"[object] (Illuminate\\Database\\QueryException(code: 0): could not find driver (Connection: mysql, SQL: select table_name as `name`, (data_length + index_length) as `size`, table_comment as `comment`, engine as `engine`, table_collation as `collation` from information_schema.tables where table_schema = 'desarrollo_software_1' and table_type in ('BASE TABLE', 'SYSTEM VERSIONED') order by table_name) at C:/Users/matia/EV1-laravel/vendor/laravel/framework/src/Illuminate/Database/Connection.php:829)
[stacktrace]
#0 C:/Users/matia/EV1-laravel/vendor/laravel/framework/src/Illuminate/Database/Connection.php(783): Illuminate/Database/Connection->runQueryCallback()
#1 C:/Users/matia/EV1-laravel/vendor/laravel/framework/src/Illuminate/Database/Connection.php(414): Illuminate/Database/Connection->run()
#2 C:/Users/matia/EV1-laravel/vendor/laravel/framework/src/Illuminate/Database/Connection.php(401): Illuminate/Database/Connection->select()
#3 C:/Users/matia/EV1-laravel/vendor/laravel/framework/src/Illuminate/Database/Schema/MySqlBuilder.php(41): Illuminate/Database/Connection->selectFromWriteConnection()
#4 C:/Users/matia/EV1-laravel/vendor/laravel/framework/src/Illuminate/Database/Schema/Builder.php(165): Illuminate/Database/Schema/MySqlBuilder->getTables()
#5 C:/Users/matia/EV1-laravel/vendor/laravel/framework/src/Illuminate/Database/Migrations/DatabaseMigrationRepository.php(184): Illuminate/Database/Schema/Builder->hasTable()
#6 C:/Users/matia/EV1-laravel/vendor/laravel/framework/src/Illuminate/Database/Migrations/Migrator.php(727): Illuminate/Database/Migrations/DatabaseMigrationRepository->repositoryExists()
#7 C:/Users/matia/EV1-laravel/vendor/laravel/framework/src/Illuminate/Database/Console/Migrations/MigrateCommand.php(140): Illuminate/Database/Migrations/Migrator->repositoryExists()
#8 C:/Users/matia/EV1-laravel/vendor/laravel/framework/src/Illuminate/Support/helpers.php(261): Illuminate/Database/Console/Migrations/MigrateCommand->{closure:Illuminate/Database/Console/Migrations/MigrateCommand::repositoryExists():140}()
#9 C:/Users/matia/EV1-laravel/vendor/laravel/framework/src/Illuminate/Database/Console/Migrations/MigrateCommand.php(140): retry()
#10 C:/Users/matia/EV1-laravel/vendor/laravel/framework/src/Illuminate/Database/Console/Migrations/MigrateCommand.php(116): Illuminate/Database/Console/Migrations/MigrateCommand->repositoryExists()
#11 C:/Users/matia/EV1-laravel/vendor/laravel/framework/src/Illuminate/Database/Console/Migrations/MigrateCommand.php(84): Illuminate/Database/Console/Migrations/MigrateCommand->prepareDatabase()
#12 C:/Users/matia/EV1-laravel/vendor/laravel/framework/src/Illuminate/Database/Migrations/Migrator.php(641): Illuminate/Database/Console/Migrations/MigrateCommand->{closure:Illuminate/Database/Console/Migrations/MigrateCommand::handle():83}()
#13 C:/Users/matia/EV1-laravel/vendor/laravel/framework/src/Illuminate/Database/Console/Migrations/MigrateCommand.php(83): Illuminate/Database/Migrations/Migrator->usingConnection()
#14 C:/Users/matia/EV1-laravel/vendor/laravel/framework/src/Illuminate/Container/BoundMethod.php(36): Illuminate/Database/Console/Migrations/MigrateCommand->handle()
#15 C:/Users/matia/EV1-laravel/vendor/laravel/framework/src/Illuminate/Container/Util.php(41): Illuminate/Container/BoundMethod::{closure:Illuminate/Container/BoundMethod::call():35}()
#16 C:/Users/matia/EV1-laravel/vendor/laravel/framework/src/Illuminate/Container/BoundMethod.php(93): Illuminate/Container/Util::unwrapIfClosure()
#17 C:/Users/matia/EV1-laravel/vendor/laravel/framework/src/Illuminate/Container/BoundMethod.php(35): Illuminate/Container/BoundMethod::callBoundMethod()
#18 C:/Users/matia/EV1-laravel/vendor/laravel/framework/src/Illuminate/Container/Container.php(662): Illuminate/Container/BoundMethod::call()
#19 C:/Users/matia/EV1-laravel/vendor/laravel/framework/src/Illuminate/Console/Command.php(211): Illuminate/Container/Container->call()
#20 C:/Users/matia/EV1-laravel/vendor/symfony/console/Command/Command.php(326): Illuminate/Console/Command->execute()
#21 C:/Users/matia/EV1-laravel/vendor/laravel/framework/src/Illuminate/Console/Command.php(180): Symfony/Component/Console/Command/Command->run()
#22 C:/Users/matia/EV1-laravel/vendor/symfony/console/Application.php(1121): Illuminate/Console/Command->run()
#23 C:/Users/matia/EV1-laravel/vendor/symfony/console/Application.php(324): Symfony/Component/Console/Application->doRunCommand()
#24 C:/Users/matia/EV1-laravel/vendor/symfony/console/Application.php(175): Symfony/Component/Console/Application->doRun()
#25 C:/Users/matia/EV1-laravel/vendor/laravel/framework/src/Illuminate/Foundation/Console/Kernel.php(201): Symfony/Component/Console/Application->run()
#26 C:/Users/matia/EV1-laravel/artisan(27): Illuminate/Foundation/Console/Kernel->handle()
#27 {main}

[previous exception] [object] (PDOException(code: 0): could not find driver at C:/Users/matia/EV1-laravel/vendor/laravel/framework/src/Illuminate/Database/Connectors/Connector.php:65)
[stacktrace]
#0 C:/Users/matia/EV1-laravel/vendor/laravel/framework/src/Illuminate/Database/Connectors/Connector.php(65): PDO->__construct()
#1 C:/Users/matia/EV1-laravel/vendor/laravel/framework/src/Illuminate/Database/Connectors/Connector.php(44): Illuminate/Database/Connectors/Connector->createPdoConnection()
#2 C:/Users/matia/EV1-laravel/vendor/laravel/framework/src/Illuminate/Database/Connectors/MySqlConnector.php(24): Illuminate/Database/Connectors/Connector->createConnection()
#3 C:/Users/matia/EV1-laravel/vendor/laravel/framework/src/Illuminate/Database/Connectors/ConnectionFactory.php(184): Illuminate/Database/Connectors/MySqlConnector->connect()
#4 [internal function]: Illuminate/Database/Connectors/ConnectionFactory->{closure:Illuminate/Database/Connectors/ConnectionFactory::createPdoResolverWithHosts():179}()
#5 C:/Users/matia/EV1-laravel/vendor/laravel/framework/src/Illuminate/Database/Connection.php(1339): call_user_func()
#6 C:/Users/matia/EV1-laravel/vendor/laravel/framework/src/Illuminate/Database/Connection.php(528): Illuminate/Database/Connection->getPdo()
#7 C:/Users/matia/EV1-laravel/vendor/laravel/framework/src/Illuminate/Database/Connection.php(423): Illuminate/Database/Connection->getPdoForSelect()
#8 C:/Users/matia/EV1-laravel/vendor/laravel/framework/src/Illuminate/Database/Connection.php(816): Illuminate/Database/Connection->{closure:Illuminate/Database/Connection::select():414}()
#9 C:/Users/matia/EV1-laravel/vendor/laravel/framework/src/Illuminate/Database/Connection.php(783): Illuminate/Database/Connection->runQueryCallback()
#10 C:/Users/matia/EV1-laravel/vendor/laravel/framework/src/Illuminate/Database/Connection.php(414): Illuminate/Database/Connection->run()
#11 C:/Users/matia/EV1-laravel/vendor/laravel/framework/src/Illuminate/Database/Connection.php(401): Illuminate/Database/Connection->select()
#12 C:/Users/matia/EV1-laravel/vendor/laravel/framework/src/Illuminate/Database/Schema/MySqlBuilder.php(41): Illuminate/Database/Connection->selectFromWriteConnection()
#13 C:/Users/matia/EV1-laravel/vendor/laravel/framework/src/Illuminate/Database/Schema/Builder.php(165): Illuminate/Database/Schema/MySqlBuilder->getTables()
#14 C:/Users/matia/EV1-laravel/vendor/laravel/framework/src/Illuminate/Database/Migrations/DatabaseMigrationRepository.php(184): Illuminate/Database/Schema/Builder->hasTable()
#15 C:/Users/matia/EV1-laravel/vendor/laravel/framework/src/Illuminate/Database/Migrations/Migrator.php(727): Illuminate/Database/Migrations/DatabaseMigrationRepository->repositoryExists()
#16 C:/Users/matia/EV1-laravel/vendor/laravel/framework/src/Illuminate/Database/Console/Migrations/MigrateCommand.php(140): Illuminate/Database/Migrations/Migrator->repositoryExists()
#17 C:/Users/matia/EV1-laravel/vendor/laravel/framework/src/Illuminate/Support/helpers.php(261): Illuminate/Database/Console/Migrations/MigrateCommand->{closure:Illuminate/Database/Console/Migrations/MigrateCommand::repositoryExists():140}()
#18 C:/Users/matia/EV1-laravel/vendor/laravel/framework/src/Illuminate/Database/Console/Migrations/MigrateCommand.php(140): retry()
#19 C:/Users/matia/EV1-laravel/vendor/laravel/framework/src/Illuminate/Database/Console/Migrations/MigrateCommand.php(116): Illuminate/Database/Console/Migrations/MigrateCommand->repositoryExists()
#20 C:/Users/matia/EV1-laravel/vendor/laravel/framework/src/Illuminate/Database/Console/Migrations/MigrateCommand.php(84): Illuminate/Database/Console/Migrations/MigrateCommand->prepareDatabase()
#21 C:/Users/matia/EV1-laravel/vendor/laravel/framework/src/Illuminate/Database/Migrations/Migrator.php(641): Illuminate/Database/Console/Migrations/MigrateCommand->{closure:Illuminate/Database/Console/Migrations/MigrateCommand::handle():83}()
#22 C:/Users/matia/EV1-laravel/vendor/laravel/framework/src/Illuminate/Database/Console/Migrations/MigrateCommand.php(83): Illuminate/Database/Migrations/Migrator->usingConnection()
#23 C:/Users/matia/EV1-laravel/vendor/laravel/framework/src/Illuminate/Container/BoundMethod.php(36): Illuminate/Database/Console/Migrations/MigrateCommand->handle()
#24 C:/Users/matia/EV1-laravel/vendor/laravel/framework/src/Illuminate/Container/Util.php(41): Illuminate/Container/BoundMethod::{closure:Illuminate/Container/BoundMethod::call():35}()
#25 C:/Users/matia/EV1-laravel/vendor/laravel/framework/src/Illuminate/Container/BoundMethod.php(93): Illuminate/Container/Util::unwrapIfClosure()
#26 C:/Users/matia/EV1-laravel/vendor/laravel/framework/src/Illuminate/Container/BoundMethod.php(35): Illuminate/Container/BoundMethod::callBoundMethod()
#27 C:/Users/matia/EV1-laravel/vendor/laravel/framework/src/Illuminate/Container/Container.php(662): Illuminate/Container/BoundMethod::call()
#28 C:/Users/matia/EV1-laravel/vendor/laravel/framework/src/Illuminate/Console/Command.php(211): Illuminate/Container/Container->call()
#29 C:/Users/matia/EV1-laravel/vendor/symfony/console/Command/Command.php(326): Illuminate/Console/Command->execute()
#30 C:/Users/matia/EV1-laravel/vendor/laravel/framework/src/Illuminate/Console/Command.php(180): Symfony/Component/Console/Command/Command->run()
#31 C:/Users/matia/EV1-laravel/vendor/symfony/console/Application.php(1121): Illuminate/Console/Command->run()
#32 C:/Users/matia/EV1-laravel/vendor/symfony/console/Application.php(324): Symfony/Component/Console/Application->doRunCommand()
#33 C:/Users/matia/EV1-laravel/vendor/symfony/console/Application.php(175): Symfony/Component/Console/Application->doRun()
#34 C:/Users/matia/EV1-laravel/vendor/laravel/framework/src/Illuminate/Foundation/Console/Kernel.php(201): Symfony/Component/Console/Application->run()
#35 C:/Users/matia/EV1-laravel/artisan(27): Illuminate/Foundation/Console/Kernel->handle()
#36 {main}
"} 
[2026-08-12 06:01:25] local.ERROR: could not find driver (Connection: mysql, SQL: select table_name as `name`, (data_length + index_length) as `size`, table_comment as `comment`, engine as `engine`, table_collation as `collation` from information_schema.tables where table_schema = 'desarrollo_software_1' and table_type in ('BASE TABLE', 'SYSTEM VERSIONED') order by table_name) {"exception":"[object] (Illuminate\\Database\\QueryException(code: 0): could not find driver (Connection: mysql, SQL: select table_name as `name`, (data_length + index_length) as `size`, table_comment as `comment`, engine as `engine`, table_collation as `collation` from information_schema.tables where table_schema = 'desarrollo_software_1' and table_type in ('BASE TABLE', 'SYSTEM VERSIONED') order by table_name) at C:/Users/matia/EV1-laravel/vendor/laravel/framework/src/Illuminate/Database/Connection.php:829)
[stacktrace]
#0 C:/Users/matia/EV1-laravel/vendor/laravel/framework/src/Illuminate/Database/Connection.php(783): Illuminate/Database/Connection->runQueryCallback()
#1 C:/Users/matia/EV1-laravel/vendor/laravel/framework/src/Illuminate/Database/Connection.php(414): Illuminate/Database/Connection->run()
#2 C:/Users/matia/EV1-laravel/vendor/laravel/framework/src/Illuminate/Database/Connection.php(401): Illuminate/Database/Connection->select()
#3 C:/Users/matia/EV1-laravel/vendor/laravel/framework/src/Illuminate/Database/Schema/MySqlBuilder.php(41): Illuminate/Database/Connection->selectFromWriteConnection()
#4 C:/Users/matia/EV1-laravel/vendor/laravel/framework/src/Illuminate/Database/Schema/Builder.php(165): Illuminate/Database/Schema/MySqlBuilder->getTables()
#5 C:/Users/matia/EV1-laravel/vendor/laravel/framework/src/Illuminate/Database/Migrations/DatabaseMigrationRepository.php(184): Illuminate/Database/Schema/Builder->hasTable()
#6 C:/Users/matia/EV1-laravel/vendor/laravel/framework/src/Illuminate/Database/Migrations/Migrator.php(727): Illuminate/Database/Migrations/DatabaseMigrationRepository->repositoryExists()
#7 C:/Users/matia/EV1-laravel/vendor/laravel/framework/src/Illuminate/Database/Console/Migrations/MigrateCommand.php(140): Illuminate/Database/Migrations/Migrator->repositoryExists()
#8 C:/Users/matia/EV1-laravel/vendor/laravel/framework/src/Illuminate/Support/helpers.php(261): Illuminate/Database/Console/Migrations/MigrateCommand->{closure:Illuminate/Database/Console/Migrations/MigrateCommand::repositoryExists():140}()
#9 C:/Users/matia/EV1-laravel/vendor/laravel/framework/src/Illuminate/Database/Console/Migrations/MigrateCommand.php(140): retry()
#10 C:/Users/matia/EV1-laravel/vendor/laravel/framework/src/Illuminate/Database/Console/Migrations/MigrateCommand.php(116): Illuminate/Database/Console/Migrations/MigrateCommand->repositoryExists()
#11 C:/Users/matia/EV1-laravel/vendor/laravel/framework/src/Illuminate/Database/Console/Migrations/MigrateCommand.php(84): Illuminate/Database/Console/Migrations/MigrateCommand->prepareDatabase()
#12 C:/Users/matia/EV1-laravel/vendor/laravel/framework/src/Illuminate/Database/Migrations/Migrator.php(641): Illuminate/Database/Console/Migrations/MigrateCommand->{closure:Illuminate/Database/Console/Migrations/MigrateCommand::handle():83}()
#13 C:/Users/matia/EV1-laravel/vendor/laravel/framework/src/Illuminate/Database/Console/Migrations/MigrateCommand.php(83): Illuminate/Database/Migrations/Migrator->usingConnection()
#14 C:/Users/matia/EV1-laravel/vendor/laravel/framework/src/Illuminate/Container/BoundMethod.php(36): Illuminate/Database/Console/Migrations/MigrateCommand->handle()
#15 C:/Users/matia/EV1-laravel/vendor/laravel/framework/src/Illuminate/Container/Util.php(41): Illuminate/Container/BoundMethod::{closure:Illuminate/Container/BoundMethod::call():35}()
#16 C:/Users/matia/EV1-laravel/vendor/laravel/framework/src/Illuminate/Container/BoundMethod.php(93): Illuminate/Container/Util::unwrapIfClosure()
#17 C:/Users/matia/EV1-laravel/vendor/laravel/framework/src/Illuminate/Container/BoundMethod.php(35): Illuminate/Container/BoundMethod::callBoundMethod()
#18 C:/Users/matia/EV1-laravel/vendor/laravel/framework/src/Illuminate/Container/Container.php(662): Illuminate/Container/BoundMethod::call()
#19 C:/Users/matia/EV1-laravel/vendor/laravel/framework/src/Illuminate/Console/Command.php(211): Illuminate/Container/Container->call()
#20 C:/Users/matia/EV1-laravel/vendor/symfony/console/Command/Command.php(326): Illuminate/Console/Command->execute()
#21 C:/Users/matia/EV1-laravel/vendor/laravel/framework/src/Illuminate/Console/Command.php(180): Symfony/Component/Console/Command/Command->run()
#22 C:/Users/matia/EV1-laravel/vendor/symfony/console/Application.php(1121): Illuminate/Console/Command->run()
#23 C:/Users/matia/EV1-laravel/vendor/symfony/console/Application.php(324): Symfony/Component/Console/Application->doRunCommand()
#24 C:/Users/matia/EV1-laravel/vendor/symfony/console/Application.php(175): Symfony/Component/Console/Application->doRun()
#25 C:/Users/matia/EV1-laravel/vendor/laravel/framework/src/Illuminate/Foundation/Console/Kernel.php(201): Symfony/Component/Console/Application->run()
#26 C:/Users/matia/EV1-laravel/artisan(27): Illuminate/Foundation/Console/Kernel->handle()
#27 {main}

[previous exception] [object] (PDOException(code: 0): could not find driver at C:/Users/matia/EV1-laravel/vendor/laravel/framework/src/Illuminate/Database/Connectors/Connector.php:65)
[stacktrace]
#0 C:/Users/matia/EV1-laravel/vendor/laravel/framework/src/Illuminate/Database/Connectors/Connector.php(65): PDO->__construct()
#1 C:/Users/matia/EV1-laravel/vendor/laravel/framework/src/Illuminate/Database/Connectors/Connector.php(44): Illuminate/Database/Connectors/Connector->createPdoConnection()
#2 C:/Users/matia/EV1-laravel/vendor/laravel/framework/src/Illuminate/Database/Connectors/MySqlConnector.php(24): Illuminate/Database/Connectors/Connector->createConnection()
#3 C:/Users/matia/EV1-laravel/vendor/laravel/framework/src/Illuminate/Database/Connectors/ConnectionFactory.php(184): Illuminate/Database/Connectors/MySqlConnector->connect()
#4 [internal function]: Illuminate/Database/Connectors/ConnectionFactory->{closure:Illuminate/Database/Connectors/ConnectionFactory::createPdoResolverWithHosts():179}()
#5 C:/Users/matia/EV1-laravel/vendor/laravel/framework/src/Illuminate/Database/Connection.php(1339): call_user_func()
#6 C:/Users/matia/EV1-laravel/vendor/laravel/framework/src/Illuminate/Database/Connection.php(528): Illuminate/Database/Connection->getPdo()
#7 C:/Users/matia/EV1-laravel/vendor/laravel/framework/src/Illuminate/Database/Connection.php(423): Illuminate/Database/Connection->getPdoForSelect()
#8 C:/Users/matia/EV1-laravel/vendor/laravel/framework/src/Illuminate/Database/Connection.php(816): Illuminate/Database/Connection->{closure:Illuminate/Database/Connection::select():414}()
#9 C:/Users/matia/EV1-laravel/vendor/laravel/framework/src/Illuminate/Database/Connection.php(783): Illuminate/Database/Connection->runQueryCallback()
#10 C:/Users/matia/EV1-laravel/vendor/laravel/framework/src/Illuminate/Database/Connection.php(414): Illuminate/Database/Connection->run()
#11 C:/Users/matia/EV1-laravel/vendor/laravel/framework/src/Illuminate/Database/Connection.php(401): Illuminate/Database/Connection->select()
#12 C:/Users/matia/EV1-laravel/vendor/laravel/framework/src/Illuminate/Database/Schema/MySqlBuilder.php(41): Illuminate/Database/Connection->selectFromWriteConnection()
#13 C:/Users/matia/EV1-laravel/vendor/laravel/framework/src/Illuminate/Database/Schema/Builder.php(165): Illuminate/Database/Schema/MySqlBuilder->getTables()
#14 C:/Users/matia/EV1-laravel/vendor/laravel/framework/src/Illuminate/Database/Migrations/DatabaseMigrationRepository.php(184): Illuminate/Database/Schema/Builder->hasTable()
#15 C:/Users/matia/EV1-laravel/vendor/laravel/framework/src/Illuminate/Database/Migrations/Migrator.php(727): Illuminate/Database/Migrations/DatabaseMigrationRepository->repositoryExists()
#16 C:/Users/matia/EV1-laravel/vendor/laravel/framework/src/Illuminate/Database/Console/Migrations/MigrateCommand.php(140): Illuminate/Database/Migrations/Migrator->repositoryExists()
#17 C:/Users/matia/EV1-laravel/vendor/laravel/framework/src/Illuminate/Support/helpers.php(261): Illuminate/Database/Console/Migrations/MigrateCommand->{closure:Illuminate/Database/Console/Migrations/MigrateCommand::repositoryExists():140}()
#18 C:/Users/matia/EV1-laravel/vendor/laravel/framework/src/Illuminate/Database/Console/Migrations/MigrateCommand.php(140): retry()
#19 C:/Users/matia/EV1-laravel/vendor/laravel/framework/src/Illuminate/Database/Console/Migrations/MigrateCommand.php(116): Illuminate/Database/Console/Migrations/MigrateCommand->repositoryExists()
#20 C:/Users/matia/EV1-laravel/vendor/laravel/framework/src/Illuminate/Database/Console/Migrations/MigrateCommand.php(84): Illuminate/Database/Console/Migrations/MigrateCommand->prepareDatabase()
#21 C:/Users/matia/EV1-laravel/vendor/laravel/framework/src/Illuminate/Database/Migrations/Migrator.php(641): Illuminate/Database/Console/Migrations/MigrateCommand->{closure:Illuminate/Database/Console/Migrations/MigrateCommand::handle():83}()
#22 C:/Users/matia/EV1-laravel/vendor/laravel/framework/src/Illuminate/Database/Console/Migrations/MigrateCommand.php(83): Illuminate/Database/Migrations/Migrator->usingConnection()
#23 C:/Users/matia/EV1-laravel/vendor/laravel/framework/src/Illuminate/Container/BoundMethod.php(36): Illuminate/Database/Console/Migrations/MigrateCommand->handle()
#24 C:/Users/matia/EV1-laravel/vendor/laravel/framework/src/Illuminate/Container/Util.php(41): Illuminate/Container/BoundMethod::{closure:Illuminate/Container/BoundMethod::call():35}()
#25 C:/Users/matia/EV1-laravel/vendor/laravel/framework/src/Illuminate/Container/BoundMethod.php(93): Illuminate/Container/Util::unwrapIfClosure()
#26 C:/Users/matia/EV1-laravel/vendor/laravel/framework/src/Illuminate/Container/BoundMethod.php(35): Illuminate/Container/BoundMethod::callBoundMethod()
#27 C:/Users/matia/EV1-laravel/vendor/laravel/framework/src/Illuminate/Container/Container.php(662): Illuminate/Container/BoundMethod::call()
#28 C:/Users/matia/EV1-laravel/vendor/laravel/framework/src/Illuminate/Console/Command.php(211): Illuminate/Container/Container->call()
#29 C:/Users/matia/EV1-laravel/vendor/symfony/console/Command/Command.php(326): Illuminate/Console/Command->execute()
#30 C:/Users/matia/EV1-laravel/vendor/laravel/framework/src/Illuminate/Console/Command.php(180): Symfony/Component/Console/Command/Command->run()
#31 C:/Users/matia/EV1-laravel/vendor/symfony/console/Application.php(1121): Illuminate/Console/Command->run()
#32 C:/Users/matia/EV1-laravel/vendor/symfony/console/Application.php(324): Symfony/Component/Console/Application->doRunCommand()
#33 C:/Users/matia/EV1-laravel/vendor/symfony/console/Application.php(175): Symfony/Component/Console/Application->doRun()
#34 C:/Users/matia/EV1-laravel/vendor/laravel/framework/src/Illuminate/Foundation/Console/Kernel.php(201): Symfony/Component/Console/Application->run()
#35 C:/Users/matia/EV1-laravel/artisan(27): Illuminate/Foundation/Console/Kernel->handle()
#36 {main}
"} 
[2026-08-12 06:10:48] local.ERROR: SQLSTATE[HY000] [1045] Access denied for user 'root'@'localhost' (using password: YES) (Connection: mysql, SQL: select table_name as `name`, (data_length + index_length) as `size`, table_comment as `comment`, engine as `engine`, table_collation as `collation` from information_schema.tables where table_schema = 'desarrollo_software_1' and table_type in ('BASE TABLE', 'SYSTEM VERSIONED') order by table_name) {"exception":"[object] (Illuminate\\Database\\QueryException(code: 1045): SQLSTATE[HY000] [1045] Access denied for user 'root'@'localhost' (using password: YES) (Connection: mysql, SQL: select table_name as `name`, (data_length + index_length) as `size`, table_comment as `comment`, engine as `engine`, table_collation as `collation` from information_schema.tables where table_schema = 'desarrollo_software_1' and table_type in ('BASE TABLE', 'SYSTEM VERSIONED') order by table_name) at C:/Users/matia/EV1-laravel/vendor/laravel/framework/src/Illuminate/Database/Connection.php:829)
[stacktrace]
#0 C:/Users/matia/EV1-laravel/vendor/laravel/framework/src/Illuminate/Database/Connection.php(783): Illuminate/Database/Connection->runQueryCallback()
#1 C:/Users/matia/EV1-laravel/vendor/laravel/framework/src/Illuminate/Database/Connection.php(414): Illuminate/Database/Connection->run()
#2 C:/Users/matia/EV1-laravel/vendor/laravel/framework/src/Illuminate/Database/Connection.php(401): Illuminate/Database/Connection->select()
#3 C:/Users/matia/EV1-laravel/vendor/laravel/framework/src/Illuminate/Database/Schema/MySqlBuilder.php(41): Illuminate/Database/Connection->selectFromWriteConnection()
#4 C:/Users/matia/EV1-laravel/vendor/laravel/framework/src/Illuminate/Database/Schema/Builder.php(165): Illuminate/Database/Schema/MySqlBuilder->getTables()
#5 C:/Users/matia/EV1-laravel/vendor/laravel/framework/src/Illuminate/Database/Migrations/DatabaseMigrationRepository.php(184): Illuminate/Database/Schema/Builder->hasTable()
#6 C:/Users/matia/EV1-laravel/vendor/laravel/framework/src/Illuminate/Database/Migrations/Migrator.php(727): Illuminate/Database/Migrations/DatabaseMigrationRepository->repositoryExists()
#7 C:/Users/matia/EV1-laravel/vendor/laravel/framework/src/Illuminate/Database/Console/Migrations/MigrateCommand.php(140): Illuminate/Database/Migrations/Migrator->repositoryExists()
#8 C:/Users/matia/EV1-laravel/vendor/laravel/framework/src/Illuminate/Support/helpers.php(261): Illuminate/Database/Console/Migrations/MigrateCommand->{closure:Illuminate/Database/Console/Migrations/MigrateCommand::repositoryExists():140}()
#9 C:/Users/matia/EV1-laravel/vendor/laravel/framework/src/Illuminate/Database/Console/Migrations/MigrateCommand.php(140): retry()
#10 C:/Users/matia/EV1-laravel/vendor/laravel/framework/src/Illuminate/Database/Console/Migrations/MigrateCommand.php(116): Illuminate/Database/Console/Migrations/MigrateCommand->repositoryExists()
#11 C:/Users/matia/EV1-laravel/vendor/laravel/framework/src/Illuminate/Database/Console/Migrations/MigrateCommand.php(84): Illuminate/Database/Console/Migrations/MigrateCommand->prepareDatabase()
#12 C:/Users/matia/EV1-laravel/vendor/laravel/framework/src/Illuminate/Database/Migrations/Migrator.php(641): Illuminate/Database/Console/Migrations/MigrateCommand->{closure:Illuminate/Database/Console/Migrations/MigrateCommand::handle():83}()
#13 C:/Users/matia/EV1-laravel/vendor/laravel/framework/src/Illuminate/Database/Console/Migrations/MigrateCommand.php(83): Illuminate/Database/Migrations/Migrator->usingConnection()
#14 C:/Users/matia/EV1-laravel/vendor/laravel/framework/src/Illuminate/Container/BoundMethod.php(36): Illuminate/Database/Console/Migrations/MigrateCommand->handle()
#15 C:/Users/matia/EV1-laravel/vendor/laravel/framework/src/Illuminate/Container/Util.php(41): Illuminate/Container/BoundMethod::{closure:Illuminate/Container/BoundMethod::call():35}()
#16 C:/Users/matia/EV1-laravel/vendor/laravel/framework/src/Illuminate/Container/BoundMethod.php(93): Illuminate/Container/Util::unwrapIfClosure()
#17 C:/Users/matia/EV1-laravel/vendor/laravel/framework/src/Illuminate/Container/BoundMethod.php(35): Illuminate/Container/BoundMethod::callBoundMethod()
#18 C:/Users/matia/EV1-laravel/vendor/laravel/framework/src/Illuminate/Container/Container.php(662): Illuminate/Container/BoundMethod::call()
#19 C:/Users/matia/EV1-laravel/vendor/laravel/framework/src/Illuminate/Console/Command.php(211): Illuminate/Container/Container->call()
#20 C:/Users/matia/EV1-laravel/vendor/symfony/console/Command/Command.php(326): Illuminate/Console/Command->execute()
#21 C:/Users/matia/EV1-laravel/vendor/laravel/framework/src/Illuminate/Console/Command.php(180): Symfony/Component/Console/Command/Command->run()
#22 C:/Users/matia/EV1-laravel/vendor/symfony/console/Application.php(1121): Illuminate/Console/Command->run()
#23 C:/Users/matia/EV1-laravel/vendor/symfony/console/Application.php(324): Symfony/Component/Console/Application->doRunCommand()
#24 C:/Users/matia/EV1-laravel/vendor/symfony/console/Application.php(175): Symfony/Component/Console/Application->doRun()
#25 C:/Users/matia/EV1-laravel/vendor/laravel/framework/src/Illuminate/Foundation/Console/Kernel.php(201): Symfony/Component/Console/Application->run()
#26 C:/Users/matia/EV1-laravel/artisan(27): Illuminate/Foundation/Console/Kernel->handle()
#27 {main}

[previous exception] [object] (PDOException(code: 1045): SQLSTATE[HY000] [1045] Access denied for user 'root'@'localhost' (using password: YES) at C:/Users/matia/EV1-laravel/vendor/laravel/framework/src/Illuminate/Database/Connectors/Connector.php:65)
[stacktrace]
#0 C:/Users/matia/EV1-laravel/vendor/laravel/framework/src/Illuminate/Database/Connectors/Connector.php(65): PDO->__construct()
#1 C:/Users/matia/EV1-laravel/vendor/laravel/framework/src/Illuminate/Database/Connectors/Connector.php(44): Illuminate/Database/Connectors/Connector->createPdoConnection()
#2 C:/Users/matia/EV1-laravel/vendor/laravel/framework/src/Illuminate/Database/Connectors/MySqlConnector.php(24): Illuminate/Database/Connectors/Connector->createConnection()
#3 C:/Users/matia/EV1-laravel/vendor/laravel/framework/src/Illuminate/Database/Connectors/ConnectionFactory.php(184): Illuminate/Database/Connectors/MySqlConnector->connect()
#4 [internal function]: Illuminate/Database/Connectors/ConnectionFactory->{closure:Illuminate/Database/Connectors/ConnectionFactory::createPdoResolverWithHosts():179}()
#5 C:/Users/matia/EV1-laravel/vendor/laravel/framework/src/Illuminate/Database/Connection.php(1339): call_user_func()
#6 C:/Users/matia/EV1-laravel/vendor/laravel/framework/src/Illuminate/Database/Connection.php(528): Illuminate/Database/Connection->getPdo()
#7 C:/Users/matia/EV1-laravel/vendor/laravel/framework/src/Illuminate/Database/Connection.php(423): Illuminate/Database/Connection->getPdoForSelect()
#8 C:/Users/matia/EV1-laravel/vendor/laravel/framework/src/Illuminate/Database/Connection.php(816): Illuminate/Database/Connection->{closure:Illuminate/Database/Connection::select():414}()
#9 C:/Users/matia/EV1-laravel/vendor/laravel/framework/src/Illuminate/Database/Connection.php(783): Illuminate/Database/Connection->runQueryCallback()
#10 C:/Users/matia/EV1-laravel/vendor/laravel/framework/src/Illuminate/Database/Connection.php(414): Illuminate/Database/Connection->run()
#11 C:/Users/matia/EV1-laravel/vendor/laravel/framework/src/Illuminate/Database/Connection.php(401): Illuminate/Database/Connection->select()
#12 C:/Users/matia/EV1-laravel/vendor/laravel/framework/src/Illuminate/Database/Schema/MySqlBuilder.php(41): Illuminate/Database/Connection->selectFromWriteConnection()
#13 C:/Users/matia/EV1-laravel/vendor/laravel/framework/src/Illuminate/Database/Schema/Builder.php(165): Illuminate/Database/Schema/MySqlBuilder->getTables()
#14 C:/Users/matia/EV1-laravel/vendor/laravel/framework/src/Illuminate/Database/Migrations/DatabaseMigrationRepository.php(184): Illuminate/Database/Schema/Builder->hasTable()
#15 C:/Users/matia/EV1-laravel/vendor/laravel/framework/src/Illuminate/Database/Migrations/Migrator.php(727): Illuminate/Database/Migrations/DatabaseMigrationRepository->repositoryExists()
#16 C:/Users/matia/EV1-laravel/vendor/laravel/framework/src/Illuminate/Database/Console/Migrations/MigrateCommand.php(140): Illuminate/Database/Migrations/Migrator->repositoryExists()
#17 C:/Users/matia/EV1-laravel/vendor/laravel/framework/src/Illuminate/Support/helpers.php(261): Illuminate/Database/Console/Migrations/MigrateCommand->{closure:Illuminate/Database/Console/Migrations/MigrateCommand::repositoryExists():140}()
#18 C:/Users/matia/EV1-laravel/vendor/laravel/framework/src/Illuminate/Database/Console/Migrations/MigrateCommand.php(140): retry()
#19 C:/Users/matia/EV1-laravel/vendor/laravel/framework/src/Illuminate/Database/Console/Migrations/MigrateCommand.php(116): Illuminate/Database/Console/Migrations/MigrateCommand->repositoryExists()
#20 C:/Users/matia/EV1-laravel/vendor/laravel/framework/src/Illuminate/Database/Console/Migrations/MigrateCommand.php(84): Illuminate/Database/Console/Migrations/MigrateCommand->prepareDatabase()
#21 C:/Users/matia/EV1-laravel/vendor/laravel/framework/src/Illuminate/Database/Migrations/Migrator.php(641): Illuminate/Database/Console/Migrations/MigrateCommand->{closure:Illuminate/Database/Console/Migrations/MigrateCommand::handle():83}()
#22 C:/Users/matia/EV1-laravel/vendor/laravel/framework/src/Illuminate/Database/Console/Migrations/MigrateCommand.php(83): Illuminate/Database/Migrations/Migrator->usingConnection()
#23 C:/Users/matia/EV1-laravel/vendor/laravel/framework/src/Illuminate/Container/BoundMethod.php(36): Illuminate/Database/Console/Migrations/MigrateCommand->handle()
#24 C:/Users/matia/EV1-laravel/vendor/laravel/framework/src/Illuminate/Container/Util.php(41): Illuminate/Container/BoundMethod::{closure:Illuminate/Container/BoundMethod::call():35}()
#25 C:/Users/matia/EV1-laravel/vendor/laravel/framework/src/Illuminate/Container/BoundMethod.php(93): Illuminate/Container/Util::unwrapIfClosure()
#26 C:/Users/matia/EV1-laravel/vendor/laravel/framework/src/Illuminate/Container/BoundMethod.php(35): Illuminate/Container/BoundMethod::callBoundMethod()
#27 C:/Users/matia/EV1-laravel/vendor/laravel/framework/src/Illuminate/Container/Container.php(662): Illuminate/Container/BoundMethod::call()
#28 C:/Users/matia/EV1-laravel/vendor/laravel/framework/src/Illuminate/Console/Command.php(211): Illuminate/Container/Container->call()
#29 C:/Users/matia/EV1-laravel/vendor/symfony/console/Command/Command.php(326): Illuminate/Console/Command->execute()
#30 C:/Users/matia/EV1-laravel/vendor/laravel/framework/src/Illuminate/Console/Command.php(180): Symfony/Component/Console/Command/Command->run()
#31 C:/Users/matia/EV1-laravel/vendor/symfony/console/Application.php(1121): Illuminate/Console/Command->run()
#32 C:/Users/matia/EV1-laravel/vendor/symfony/console/Application.php(324): Symfony/Component/Console/Application->doRunCommand()
#33 C:/Users/matia/EV1-laravel/vendor/symfony/console/Application.php(175): Symfony/Component/Console/Application->doRun()
#34 C:/Users/matia/EV1-laravel/vendor/laravel/framework/src/Illuminate/Foundation/Console/Kernel.php(201): Symfony/Component/Console/Application->run()
#35 C:/Users/matia/EV1-laravel/artisan(27): Illuminate/Foundation/Console/Kernel->handle()
#36 {main}
"} 
[2026-08-12 06:12:45] local.ERROR: Target class [web] does not exist. {"exception":"[object] (Illuminate\\Contracts\\Container\\BindingResolutionException(code: 0): Target class [web] does not exist. at C:/Users/matia/EV1-laravel/vendor/laravel/framework/src/Illuminate/Container/Container.php:914)
[stacktrace]
#0 C:/Users/matia/EV1-laravel/vendor/laravel/framework/src/Illuminate/Container/Container.php(795): Illuminate/Container/Container->build()
#1 C:/Users/matia/EV1-laravel/vendor/laravel/framework/src/Illuminate/Foundation/Application.php(986): Illuminate/Container/Container->resolve()
#2 C:/Users/matia/EV1-laravel/vendor/laravel/framework/src/Illuminate/Container/Container.php(731): Illuminate/Foundation/Application->resolve()
#3 C:/Users/matia/EV1-laravel/vendor/laravel/framework/src/Illuminate/Foundation/Application.php(971): Illuminate/Container/Container->make()
#4 C:/Users/matia/EV1-laravel/vendor/laravel/framework/src/Illuminate/Pipeline/Pipeline.php(172): Illuminate/Foundation/Application->make()
#5 C:/Users/matia/EV1-laravel/vendor/laravel/framework/src/Illuminate/Pipeline/Pipeline.php(119): Illuminate/Pipeline/Pipeline->{closure:{closure:Illuminate/Pipeline/Pipeline::carry():158}:159}()
#6 C:/Users/matia/EV1-laravel/vendor/laravel/framework/src/Illuminate/Routing/Router.php(805): Illuminate/Pipeline/Pipeline->then()
#7 C:/Users/matia/EV1-laravel/vendor/laravel/framework/src/Illuminate/Routing/Router.php(784): Illuminate/Routing/Router->runRouteWithinStack()
#8 C:/Users/matia/EV1-laravel/vendor/laravel/framework/src/Illuminate/Routing/Router.php(748): Illuminate/Routing/Router->runRoute()
#9 C:/Users/matia/EV1-laravel/vendor/laravel/framework/src/Illuminate/Routing/Router.php(737): Illuminate/Routing/Router->dispatchToRoute()
#10 C:/Users/matia/EV1-laravel/vendor/laravel/framework/src/Illuminate/Foundation/Http/Kernel.php(200): Illuminate/Routing/Router->dispatch()
#11 C:/Users/matia/EV1-laravel/vendor/laravel/framework/src/Illuminate/Pipeline/Pipeline.php(144): Illuminate/Foundation/Http/Kernel->{closure:Illuminate/Foundation/Http/Kernel::dispatchToRouter():197}()
#12 C:/Users/matia/EV1-laravel/vendor/laravel/framework/src/Illuminate/Pipeline/Pipeline.php(119): Illuminate/Pipeline/Pipeline->{closure:Illuminate/Pipeline/Pipeline::prepareDestination():142}()
#13 C:/Users/matia/EV1-laravel/vendor/laravel/framework/src/Illuminate/Foundation/Http/Kernel.php(175): Illuminate/Pipeline/Pipeline->then()
#14 C:/Users/matia/EV1-laravel/vendor/laravel/framework/src/Illuminate/Foundation/Http/Kernel.php(144): Illuminate/Foundation/Http/Kernel->sendRequestThroughRouter()
#15 C:/Users/matia/EV1-laravel/public/index.php(51): Illuminate/Foundation/Http/Kernel->handle()
#16 C:/Users/matia/EV1-laravel/vendor/laravel/framework/src/Illuminate/Foundation/resources/server.php(16): require_once('...')
#17 {main}

[previous exception] [object] (ReflectionException(code: -1): Class \"web\" does not exist at C:/Users/matia/EV1-laravel/vendor/laravel/framework/src/Illuminate/Container/Container.php:912)
[stacktrace]
#0 C:/Users/matia/EV1-laravel/vendor/laravel/framework/src/Illuminate/Container/Container.php(912): ReflectionClass->__construct()
#1 C:/Users/matia/EV1-laravel/vendor/laravel/framework/src/Illuminate/Container/Container.php(795): Illuminate/Container/Container->build()
#2 C:/Users/matia/EV1-laravel/vendor/laravel/framework/src/Illuminate/Foundation/Application.php(986): Illuminate/Container/Container->resolve()
#3 C:/Users/matia/EV1-laravel/vendor/laravel/framework/src/Illuminate/Container/Container.php(731): Illuminate/Foundation/Application->resolve()
#4 C:/Users/matia/EV1-laravel/vendor/laravel/framework/src/Illuminate/Foundation/Application.php(971): Illuminate/Container/Container->make()
#5 C:/Users/matia/EV1-laravel/vendor/laravel/framework/src/Illuminate/Pipeline/Pipeline.php(172): Illuminate/Foundation/Application->make()
#6 C:/Users/matia/EV1-laravel/vendor/laravel/framework/src/Illuminate/Pipeline/Pipeline.php(119): Illuminate/Pipeline/Pipeline->{closure:{closure:Illuminate/Pipeline/Pipeline::carry():158}:159}()
#7 C:/Users/matia/EV1-laravel/vendor/laravel/framework/src/Illuminate/Routing/Router.php(805): Illuminate/Pipeline/Pipeline->then()
#8 C:/Users/matia/EV1-laravel/vendor/laravel/framework/src/Illuminate/Routing/Router.php(784): Illuminate/Routing/Router->runRouteWithinStack()
#9 C:/Users/matia/EV1-laravel/vendor/laravel/framework/src/Illuminate/Routing/Router.php(748): Illuminate/Routing/Router->runRoute()
#10 C:/Users/matia/EV1-laravel/vendor/laravel/framework/src/Illuminate/Routing/Router.php(737): Illuminate/Routing/Router->dispatchToRoute()
#11 C:/Users/matia/EV1-laravel/vendor/laravel/framework/src/Illuminate/Foundation/Http/Kernel.php(200): Illuminate/Routing/Router->dispatch()
#12 C:/Users/matia/EV1-laravel/vendor/laravel/framework/src/Illuminate/Pipeline/Pipeline.php(144): Illuminate/Foundation/Http/Kernel->{closure:Illuminate/Foundation/Http/Kernel::dispatchToRouter():197}()
#13 C:/Users/matia/EV1-laravel/vendor/laravel/framework/src/Illuminate/Pipeline/Pipeline.php(119): Illuminate/Pipeline/Pipeline->{closure:Illuminate/Pipeline/Pipeline::prepareDestination():142}()
#14 C:/Users/matia/EV1-laravel/vendor/laravel/framework/src/Illuminate/Foundation/Http/Kernel.php(175): Illuminate/Pipeline/Pipeline->then()
#15 C:/Users/matia/EV1-laravel/vendor/laravel/framework/src/Illuminate/Foundation/Http/Kernel.php(144): Illuminate/Foundation/Http/Kernel->sendRequestThroughRouter()
#16 C:/Users/matia/EV1-laravel/public/index.php(51): Illuminate/Foundation/Http/Kernel->handle()
#17 C:/Users/matia/EV1-laravel/vendor/laravel/framework/src/Illuminate/Foundation/resources/server.php(16): require_once('...')
#18 {main}
"} 
[2026-08-12 06:12:45] local.ERROR: Target class [web] does not exist. {"exception":"[object] (Illuminate\\Contracts\\Container\\BindingResolutionException(code: 0): Target class [web] does not exist. at C:/Users/matia/EV1-laravel/vendor/laravel/framework/src/Illuminate/Container/Container.php:914)
[stacktrace]
#0 C:/Users/matia/EV1-laravel/vendor/laravel/framework/src/Illuminate/Container/Container.php(795): Illuminate/Container/Container->build()
#1 C:/Users/matia/EV1-laravel/vendor/laravel/framework/src/Illuminate/Foundation/Application.php(986): Illuminate/Container/Container->resolve()
#2 C:/Users/matia/EV1-laravel/vendor/laravel/framework/src/Illuminate/Container/Container.php(731): Illuminate/Foundation/Application->resolve()
#3 C:/Users/matia/EV1-laravel/vendor/laravel/framework/src/Illuminate/Foundation/Application.php(971): Illuminate/Container/Container->make()
#4 C:/Users/matia/EV1-laravel/vendor/laravel/framework/src/Illuminate/Foundation/Http/Kernel.php(255): Illuminate/Foundation/Application->make()
#5 C:/Users/matia/EV1-laravel/vendor/laravel/framework/src/Illuminate/Foundation/Http/Kernel.php(213): Illuminate/Foundation/Http/Kernel->terminateMiddleware()
#6 C:/Users/matia/EV1-laravel/public/index.php(55): Illuminate/Foundation/Http/Kernel->terminate()
#7 C:/Users/matia/EV1-laravel/vendor/laravel/framework/src/Illuminate/Foundation/resources/server.php(16): require_once('...')
#8 {main}

[previous exception] [object] (ReflectionException(code: -1): Class \"web\" does not exist at C:/Users/matia/EV1-laravel/vendor/laravel/framework/src/Illuminate/Container/Container.php:912)
[stacktrace]
#0 C:/Users/matia/EV1-laravel/vendor/laravel/framework/src/Illuminate/Container/Container.php(912): ReflectionClass->__construct()
#1 C:/Users/matia/EV1-laravel/vendor/laravel/framework/src/Illuminate/Container/Container.php(795): Illuminate/Container/Container->build()
#2 C:/Users/matia/EV1-laravel/vendor/laravel/framework/src/Illuminate/Foundation/Application.php(986): Illuminate/Container/Container->resolve()
#3 C:/Users/matia/EV1-laravel/vendor/laravel/framework/src/Illuminate/Container/Container.php(731): Illuminate/Foundation/Application->resolve()
#4 C:/Users/matia/EV1-laravel/vendor/laravel/framework/src/Illuminate/Foundation/Application.php(971): Illuminate/Container/Container->make()
#5 C:/Users/matia/EV1-laravel/vendor/laravel/framework/src/Illuminate/Foundation/Http/Kernel.php(255): Illuminate/Foundation/Application->make()
#6 C:/Users/matia/EV1-laravel/vendor/laravel/framework/src/Illuminate/Foundation/Http/Kernel.php(213): Illuminate/Foundation/Http/Kernel->terminateMiddleware()
#7 C:/Users/matia/EV1-laravel/public/index.php(55): Illuminate/Foundation/Http/Kernel->terminate()
#8 C:/Users/matia/EV1-laravel/vendor/laravel/framework/src/Illuminate/Foundation/resources/server.php(16): require_once('...')
#9 {main}
"} 
[2026-08-12 06:15:37] local.ERROR: syntax error, unexpected token "protected", expecting end of file {"exception":"[object] (ParseError(code: 0): syntax error, unexpected token \"protected\", expecting end of file at C:/Users/matia/EV1-laravel/app/Http/Kernel.php:2)
[stacktrace]
#0 C:/Users/matia/EV1-laravel/vendor/composer/ClassLoader.php(427): {closure:Composer/Autoload/ClassLoader::initializeIncludeClosure():575}()
#1 [internal function]: Composer/Autoload/ClassLoader->loadClass()
#2 C:/Users/matia/EV1-laravel/vendor/laravel/framework/src/Illuminate/Container/Container.php(912): ReflectionClass->__construct()
#3 C:/Users/matia/EV1-laravel/vendor/laravel/framework/src/Illuminate/Container/Container.php(795): Illuminate/Container/Container->build()
#4 C:/Users/matia/EV1-laravel/vendor/laravel/framework/src/Illuminate/Foundation/Application.php(986): Illuminate/Container/Container->resolve()
#5 C:/Users/matia/EV1-laravel/vendor/laravel/framework/src/Illuminate/Container/Container.php(296): Illuminate/Foundation/Application->resolve()
#6 C:/Users/matia/EV1-laravel/vendor/laravel/framework/src/Illuminate/Container/Container.php(908): Illuminate/Container/Container->{closure:Illuminate/Container/Container::getClosure():291}()
#7 C:/Users/matia/EV1-laravel/vendor/laravel/framework/src/Illuminate/Container/Container.php(795): Illuminate/Container/Container->build()
#8 C:/Users/matia/EV1-laravel/vendor/laravel/framework/src/Illuminate/Foundation/Application.php(986): Illuminate/Container/Container->resolve()
#9 C:/Users/matia/EV1-laravel/vendor/laravel/framework/src/Illuminate/Container/Container.php(731): Illuminate/Foundation/Application->resolve()
#10 C:/Users/matia/EV1-laravel/vendor/laravel/framework/src/Illuminate/Foundation/Application.php(971): Illuminate/Container/Container->make()
#11 C:/Users/matia/EV1-laravel/vendor/laravel/sanctum/src/SanctumServiceProvider.php(133): Illuminate/Foundation/Application->make()
#12 C:/Users/matia/EV1-laravel/vendor/laravel/sanctum/src/SanctumServiceProvider.php(60): Laravel/Sanctum/SanctumServiceProvider->configureMiddleware()
#13 C:/Users/matia/EV1-laravel/vendor/laravel/framework/src/Illuminate/Container/BoundMethod.php(36): Laravel/Sanctum/SanctumServiceProvider->boot()
#14 C:/Users/matia/EV1-laravel/vendor/laravel/framework/src/Illuminate/Container/Util.php(41): Illuminate/Container/BoundMethod::{closure:Illuminate/Container/BoundMethod::call():35}()
#15 C:/Users/matia/EV1-laravel/vendor/laravel/framework/src/Illuminate/Container/BoundMethod.php(93): Illuminate/Container/Util::unwrapIfClosure()
#16 C:/Users/matia/EV1-laravel/vendor/laravel/framework/src/Illuminate/Container/BoundMethod.php(35): Illuminate/Container/BoundMethod::callBoundMethod()
#17 C:/Users/matia/EV1-laravel/vendor/laravel/framework/src/Illuminate/Container/Container.php(662): Illuminate/Container/BoundMethod::call()
#18 C:/Users/matia/EV1-laravel/vendor/laravel/framework/src/Illuminate/Foundation/Application.php(1059): Illuminate/Container/Container->call()
#19 C:/Users/matia/EV1-laravel/vendor/laravel/framework/src/Illuminate/Foundation/Application.php(1040): Illuminate/Foundation/Application->bootProvider()
#20 [internal function]: Illuminate/Foundation/Application->{closure:Illuminate/Foundation/Application::boot():1039}()
#21 C:/Users/matia/EV1-laravel/vendor/laravel/framework/src/Illuminate/Foundation/Application.php(1039): array_walk()
#22 C:/Users/matia/EV1-laravel/vendor/laravel/framework/src/Illuminate/Foundation/Bootstrap/BootProviders.php(17): Illuminate/Foundation/Application->boot()
#23 C:/Users/matia/EV1-laravel/vendor/laravel/framework/src/Illuminate/Foundation/Application.php(286): Illuminate/Foundation/Bootstrap/BootProviders->bootstrap()
#24 C:/Users/matia/EV1-laravel/vendor/laravel/framework/src/Illuminate/Foundation/Console/Kernel.php(447): Illuminate/Foundation/Application->bootstrapWith()
#25 C:/Users/matia/EV1-laravel/vendor/laravel/framework/src/Illuminate/Foundation/Console/Kernel.php(199): Illuminate/Foundation/Console/Kernel->bootstrap()
#26 C:/Users/matia/EV1-laravel/artisan(27): Illuminate/Foundation/Console/Kernel->handle()
#27 {main}
"} 
[2026-08-12 06:17:22] local.ERROR: Target class [Illuminate\Http\Middleware\ValidatePostSize] does not exist. {"exception":"[object] (Illuminate\\Contracts\\Container\\BindingResolutionException(code: 0): Target class [Illuminate\\Http\\Middleware\\ValidatePostSize] does not exist. at C:/Users/matia/EV1-laravel/vendor/laravel/framework/src/Illuminate/Container/Container.php:914)
[stacktrace]
#0 C:/Users/matia/EV1-laravel/vendor/laravel/framework/src/Illuminate/Container/Container.php(795): Illuminate/Container/Container->build()
#1 C:/Users/matia/EV1-laravel/vendor/laravel/framework/src/Illuminate/Foundation/Application.php(986): Illuminate/Container/Container->resolve()
#2 C:/Users/matia/EV1-laravel/vendor/laravel/framework/src/Illuminate/Container/Container.php(731): Illuminate/Foundation/Application->resolve()
#3 C:/Users/matia/EV1-laravel/vendor/laravel/framework/src/Illuminate/Foundation/Application.php(971): Illuminate/Container/Container->make()
#4 C:/Users/matia/EV1-laravel/vendor/laravel/framework/src/Illuminate/Pipeline/Pipeline.php(172): Illuminate/Foundation/Application->make()
#5 C:/Users/matia/EV1-laravel/vendor/laravel/framework/src/Illuminate/Foundation/Http/Middleware/PreventRequestsDuringMaintenance.php(99): Illuminate/Pipeline/Pipeline->{closure:{closure:Illuminate/Pipeline/Pipeline::carry():158}:159}()
#6 C:/Users/matia/EV1-laravel/vendor/laravel/framework/src/Illuminate/Pipeline/Pipeline.php(183): Illuminate/Foundation/Http/Middleware/PreventRequestsDuringMaintenance->handle()
#7 C:/Users/matia/EV1-laravel/vendor/laravel/framework/src/Illuminate/Http/Middleware/HandleCors.php(49): Illuminate/Pipeline/Pipeline->{closure:{closure:Illuminate/Pipeline/Pipeline::carry():158}:159}()
#8 C:/Users/matia/EV1-laravel/vendor/laravel/framework/src/Illuminate/Pipeline/Pipeline.php(183): Illuminate/Http/Middleware/HandleCors->handle()
#9 C:/Users/matia/EV1-laravel/vendor/laravel/framework/src/Illuminate/Pipeline/Pipeline.php(119): Illuminate/Pipeline/Pipeline->{closure:{closure:Illuminate/Pipeline/Pipeline::carry():158}:159}()
#10 C:/Users/matia/EV1-laravel/vendor/laravel/framework/src/Illuminate/Foundation/Http/Kernel.php(175): Illuminate/Pipeline/Pipeline->then()
#11 C:/Users/matia/EV1-laravel/vendor/laravel/framework/src/Illuminate/Foundation/Http/Kernel.php(144): Illuminate/Foundation/Http/Kernel->sendRequestThroughRouter()
#12 C:/Users/matia/EV1-laravel/public/index.php(51): Illuminate/Foundation/Http/Kernel->handle()
#13 C:/Users/matia/EV1-laravel/vendor/laravel/framework/src/Illuminate/Foundation/resources/server.php(16): require_once('...')
#14 {main}

[previous exception] [object] (ReflectionException(code: -1): Class \"Illuminate\\Http\\Middleware\\ValidatePostSize\" does not exist at C:/Users/matia/EV1-laravel/vendor/laravel/framework/src/Illuminate/Container/Container.php:912)
[stacktrace]
#0 C:/Users/matia/EV1-laravel/vendor/laravel/framework/src/Illuminate/Container/Container.php(912): ReflectionClass->__construct()
#1 C:/Users/matia/EV1-laravel/vendor/laravel/framework/src/Illuminate/Container/Container.php(795): Illuminate/Container/Container->build()
#2 C:/Users/matia/EV1-laravel/vendor/laravel/framework/src/Illuminate/Foundation/Application.php(986): Illuminate/Container/Container->resolve()
#3 C:/Users/matia/EV1-laravel/vendor/laravel/framework/src/Illuminate/Container/Container.php(731): Illuminate/Foundation/Application->resolve()
#4 C:/Users/matia/EV1-laravel/vendor/laravel/framework/src/Illuminate/Foundation/Application.php(971): Illuminate/Container/Container->make()
#5 C:/Users/matia/EV1-laravel/vendor/laravel/framework/src/Illuminate/Pipeline/Pipeline.php(172): Illuminate/Foundation/Application->make()
#6 C:/Users/matia/EV1-laravel/vendor/laravel/framework/src/Illuminate/Foundation/Http/Middleware/PreventRequestsDuringMaintenance.php(99): Illuminate/Pipeline/Pipeline->{closure:{closure:Illuminate/Pipeline/Pipeline::carry():158}:159}()
#7 C:/Users/matia/EV1-laravel/vendor/laravel/framework/src/Illuminate/Pipeline/Pipeline.php(183): Illuminate/Foundation/Http/Middleware/PreventRequestsDuringMaintenance->handle()
#8 C:/Users/matia/EV1-laravel/vendor/laravel/framework/src/Illuminate/Http/Middleware/HandleCors.php(49): Illuminate/Pipeline/Pipeline->{closure:{closure:Illuminate/Pipeline/Pipeline::carry():158}:159}()
#9 C:/Users/matia/EV1-laravel/vendor/laravel/framework/src/Illuminate/Pipeline/Pipeline.php(183): Illuminate/Http/Middleware/HandleCors->handle()
#10 C:/Users/matia/EV1-laravel/vendor/laravel/framework/src/Illuminate/Pipeline/Pipeline.php(119): Illuminate/Pipeline/Pipeline->{closure:{closure:Illuminate/Pipeline/Pipeline::carry():158}:159}()
#11 C:/Users/matia/EV1-laravel/vendor/laravel/framework/src/Illuminate/Foundation/Http/Kernel.php(175): Illuminate/Pipeline/Pipeline->then()
#12 C:/Users/matia/EV1-laravel/vendor/laravel/framework/src/Illuminate/Foundation/Http/Kernel.php(144): Illuminate/Foundation/Http/Kernel->sendRequestThroughRouter()
#13 C:/Users/matia/EV1-laravel/public/index.php(51): Illuminate/Foundation/Http/Kernel->handle()
#14 C:/Users/matia/EV1-laravel/vendor/laravel/framework/src/Illuminate/Foundation/resources/server.php(16): require_once('...')
#15 {main}
"} 
[2026-08-12 06:17:22] local.ERROR: Target class [Illuminate\Http\Middleware\ValidatePostSize] does not exist. {"exception":"[object] (Illuminate\\Contracts\\Container\\BindingResolutionException(code: 0): Target class [Illuminate\\Http\\Middleware\\ValidatePostSize] does not exist. at C:/Users/matia/EV1-laravel/vendor/laravel/framework/src/Illuminate/Container/Container.php:914)
[stacktrace]
#0 C:/Users/matia/EV1-laravel/vendor/laravel/framework/src/Illuminate/Container/Container.php(795): Illuminate/Container/Container->build()
#1 C:/Users/matia/EV1-laravel/vendor/laravel/framework/src/Illuminate/Foundation/Application.php(986): Illuminate/Container/Container->resolve()
#2 C:/Users/matia/EV1-laravel/vendor/laravel/framework/src/Illuminate/Container/Container.php(731): Illuminate/Foundation/Application->resolve()
#3 C:/Users/matia/EV1-laravel/vendor/laravel/framework/src/Illuminate/Foundation/Application.php(971): Illuminate/Container/Container->make()
#4 C:/Users/matia/EV1-laravel/vendor/laravel/framework/src/Illuminate/Foundation/Http/Kernel.php(255): Illuminate/Foundation/Application->make()
#5 C:/Users/matia/EV1-laravel/vendor/laravel/framework/src/Illuminate/Foundation/Http/Kernel.php(213): Illuminate/Foundation/Http/Kernel->terminateMiddleware()
#6 C:/Users/matia/EV1-laravel/public/index.php(55): Illuminate/Foundation/Http/Kernel->terminate()
#7 C:/Users/matia/EV1-laravel/vendor/laravel/framework/src/Illuminate/Foundation/resources/server.php(16): require_once('...')
#8 {main}

[previous exception] [object] (ReflectionException(code: -1): Class \"Illuminate\\Http\\Middleware\\ValidatePostSize\" does not exist at C:/Users/matia/EV1-laravel/vendor/laravel/framework/src/Illuminate/Container/Container.php:912)
[stacktrace]
#0 C:/Users/matia/EV1-laravel/vendor/laravel/framework/src/Illuminate/Container/Container.php(912): ReflectionClass->__construct()
#1 C:/Users/matia/EV1-laravel/vendor/laravel/framework/src/Illuminate/Container/Container.php(795): Illuminate/Container/Container->build()
#2 C:/Users/matia/EV1-laravel/vendor/laravel/framework/src/Illuminate/Foundation/Application.php(986): Illuminate/Container/Container->resolve()
#3 C:/Users/matia/EV1-laravel/vendor/laravel/framework/src/Illuminate/Container/Container.php(731): Illuminate/Foundation/Application->resolve()
#4 C:/Users/matia/EV1-laravel/vendor/laravel/framework/src/Illuminate/Foundation/Application.php(971): Illuminate/Container/Container->make()
#5 C:/Users/matia/EV1-laravel/vendor/laravel/framework/src/Illuminate/Foundation/Http/Kernel.php(255): Illuminate/Foundation/Application->make()
#6 C:/Users/matia/EV1-laravel/vendor/laravel/framework/src/Illuminate/Foundation/Http/Kernel.php(213): Illuminate/Foundation/Http/Kernel->terminateMiddleware()
#7 C:/Users/matia/EV1-laravel/public/index.php(55): Illuminate/Foundation/Http/Kernel->terminate()
#8 C:/Users/matia/EV1-laravel/vendor/laravel/framework/src/Illuminate/Foundation/resources/server.php(16): require_once('...')
#9 {main}
"} 
[2026-08-12 06:25:47] local.ERROR: Target class [App\Http\Kernel] does not exist. {"exception":"[object] (Illuminate\\Contracts\\Container\\BindingResolutionException(code: 0): Target class [App\\Http\\Kernel] does not exist. at C:/Users/matia/EV1-laravel/vendor/laravel/framework/src/Illuminate/Container/Container.php:914)
[stacktrace]
#0 C:/Users/matia/EV1-laravel/vendor/laravel/framework/src/Illuminate/Container/Container.php(795): Illuminate/Container/Container->build()
#1 C:/Users/matia/EV1-laravel/vendor/laravel/framework/src/Illuminate/Foundation/Application.php(986): Illuminate/Container/Container->resolve()
#2 C:/Users/matia/EV1-laravel/vendor/laravel/framework/src/Illuminate/Container/Container.php(296): Illuminate/Foundation/Application->resolve()
#3 C:/Users/matia/EV1-laravel/vendor/laravel/framework/src/Illuminate/Container/Container.php(908): Illuminate/Container/Container->{closure:Illuminate/Container/Container::getClosure():291}()
#4 C:/Users/matia/EV1-laravel/vendor/laravel/framework/src/Illuminate/Container/Container.php(795): Illuminate/Container/Container->build()
#5 C:/Users/matia/EV1-laravel/vendor/laravel/framework/src/Illuminate/Foundation/Application.php(986): Illuminate/Container/Container->resolve()
#6 C:/Users/matia/EV1-laravel/vendor/laravel/framework/src/Illuminate/Container/Container.php(731): Illuminate/Foundation/Application->resolve()
#7 C:/Users/matia/EV1-laravel/vendor/laravel/framework/src/Illuminate/Foundation/Application.php(971): Illuminate/Container/Container->make()
#8 C:/Users/matia/EV1-laravel/vendor/laravel/sanctum/src/SanctumServiceProvider.php(133): Illuminate/Foundation/Application->make()
#9 C:/Users/matia/EV1-laravel/vendor/laravel/sanctum/src/SanctumServiceProvider.php(60): Laravel/Sanctum/SanctumServiceProvider->configureMiddleware()
#10 C:/Users/matia/EV1-laravel/vendor/laravel/framework/src/Illuminate/Container/BoundMethod.php(36): Laravel/Sanctum/SanctumServiceProvider->boot()
#11 C:/Users/matia/EV1-laravel/vendor/laravel/framework/src/Illuminate/Container/Util.php(41): Illuminate/Container/BoundMethod::{closure:Illuminate/Container/BoundMethod::call():35}()
#12 C:/Users/matia/EV1-laravel/vendor/laravel/framework/src/Illuminate/Container/BoundMethod.php(93): Illuminate/Container/Util::unwrapIfClosure()
#13 C:/Users/matia/EV1-laravel/vendor/laravel/framework/src/Illuminate/Container/BoundMethod.php(35): Illuminate/Container/BoundMethod::callBoundMethod()
#14 C:/Users/matia/EV1-laravel/vendor/laravel/framework/src/Illuminate/Container/Container.php(662): Illuminate/Container/BoundMethod::call()
#15 C:/Users/matia/EV1-laravel/vendor/laravel/framework/src/Illuminate/Foundation/Application.php(1059): Illuminate/Container/Container->call()
#16 C:/Users/matia/EV1-laravel/vendor/laravel/framework/src/Illuminate/Foundation/Application.php(1040): Illuminate/Foundation/Application->bootProvider()
#17 [internal function]: Illuminate/Foundation/Application->{closure:Illuminate/Foundation/Application::boot():1039}()
#18 C:/Users/matia/EV1-laravel/vendor/laravel/framework/src/Illuminate/Foundation/Application.php(1039): array_walk()
#19 C:/Users/matia/EV1-laravel/vendor/laravel/framework/src/Illuminate/Foundation/Bootstrap/BootProviders.php(17): Illuminate/Foundation/Application->boot()
#20 C:/Users/matia/EV1-laravel/vendor/laravel/framework/src/Illuminate/Foundation/Application.php(286): Illuminate/Foundation/Bootstrap/BootProviders->bootstrap()
#21 C:/Users/matia/EV1-laravel/vendor/laravel/framework/src/Illuminate/Foundation/Console/Kernel.php(447): Illuminate/Foundation/Application->bootstrapWith()
#22 C:/Users/matia/EV1-laravel/vendor/laravel/framework/src/Illuminate/Foundation/Console/Kernel.php(199): Illuminate/Foundation/Console/Kernel->bootstrap()
#23 C:/Users/matia/EV1-laravel/artisan(27): Illuminate/Foundation/Console/Kernel->handle()
#24 {main}

[previous exception] [object] (ReflectionException(code: -1): Class \"App\\Http\\Kernel\" does not exist at C:/Users/matia/EV1-laravel/vendor/laravel/framework/src/Illuminate/Container/Container.php:912)
[stacktrace]
#0 C:/Users/matia/EV1-laravel/vendor/laravel/framework/src/Illuminate/Container/Container.php(912): ReflectionClass->__construct()
#1 C:/Users/matia/EV1-laravel/vendor/laravel/framework/src/Illuminate/Container/Container.php(795): Illuminate/Container/Container->build()
#2 C:/Users/matia/EV1-laravel/vendor/laravel/framework/src/Illuminate/Foundation/Application.php(986): Illuminate/Container/Container->resolve()
#3 C:/Users/matia/EV1-laravel/vendor/laravel/framework/src/Illuminate/Container/Container.php(296): Illuminate/Foundation/Application->resolve()
#4 C:/Users/matia/EV1-laravel/vendor/laravel/framework/src/Illuminate/Container/Container.php(908): Illuminate/Container/Container->{closure:Illuminate/Container/Container::getClosure():291}()
#5 C:/Users/matia/EV1-laravel/vendor/laravel/framework/src/Illuminate/Container/Container.php(795): Illuminate/Container/Container->build()
#6 C:/Users/matia/EV1-laravel/vendor/laravel/framework/src/Illuminate/Foundation/Application.php(986): Illuminate/Container/Container->resolve()
#7 C:/Users/matia/EV1-laravel/vendor/laravel/framework/src/Illuminate/Container/Container.php(731): Illuminate/Foundation/Application->resolve()
#8 C:/Users/matia/EV1-laravel/vendor/laravel/framework/src/Illuminate/Foundation/Application.php(971): Illuminate/Container/Container->make()
#9 C:/Users/matia/EV1-laravel/vendor/laravel/sanctum/src/SanctumServiceProvider.php(133): Illuminate/Foundation/Application->make()
#10 C:/Users/matia/EV1-laravel/vendor/laravel/sanctum/src/SanctumServiceProvider.php(60): Laravel/Sanctum/SanctumServiceProvider->configureMiddleware()
#11 C:/Users/matia/EV1-laravel/vendor/laravel/framework/src/Illuminate/Container/BoundMethod.php(36): Laravel/Sanctum/SanctumServiceProvider->boot()
#12 C:/Users/matia/EV1-laravel/vendor/laravel/framework/src/Illuminate/Container/Util.php(41): Illuminate/Container/BoundMethod::{closure:Illuminate/Container/BoundMethod::call():35}()
#13 C:/Users/matia/EV1-laravel/vendor/laravel/framework/src/Illuminate/Container/BoundMethod.php(93): Illuminate/Container/Util::unwrapIfClosure()
#14 C:/Users/matia/EV1-laravel/vendor/laravel/framework/src/Illuminate/Container/BoundMethod.php(35): Illuminate/Container/BoundMethod::callBoundMethod()
#15 C:/Users/matia/EV1-laravel/vendor/laravel/framework/src/Illuminate/Container/Container.php(662): Illuminate/Container/BoundMethod::call()
#16 C:/Users/matia/EV1-laravel/vendor/laravel/framework/src/Illuminate/Foundation/Application.php(1059): Illuminate/Container/Container->call()
#17 C:/Users/matia/EV1-laravel/vendor/laravel/framework/src/Illuminate/Foundation/Application.php(1040): Illuminate/Foundation/Application->bootProvider()
#18 [internal function]: Illuminate/Foundation/Application->{closure:Illuminate/Foundation/Application::boot():1039}()
#19 C:/Users/matia/EV1-laravel/vendor/laravel/framework/src/Illuminate/Foundation/Application.php(1039): array_walk()
#20 C:/Users/matia/EV1-laravel/vendor/laravel/framework/src/Illuminate/Foundation/Bootstrap/BootProviders.php(17): Illuminate/Foundation/Application->boot()
#21 C:/Users/matia/EV1-laravel/vendor/laravel/framework/src/Illuminate/Foundation/Application.php(286): Illuminate/Foundation/Bootstrap/BootProviders->bootstrap()
#22 C:/Users/matia/EV1-laravel/vendor/laravel/framework/src/Illuminate/Foundation/Console/Kernel.php(447): Illuminate/Foundation/Application->bootstrapWith()
#23 C:/Users/matia/EV1-laravel/vendor/laravel/framework/src/Illuminate/Foundation/Console/Kernel.php(199): Illuminate/Foundation/Console/Kernel->bootstrap()
#24 C:/Users/matia/EV1-laravel/artisan(27): Illuminate/Foundation/Console/Kernel->handle()
#25 {main}
"} 
[2026-08-12 06:27:57] local.ERROR: require(C:\Users\matia\EV1-laravel\routes/console.php): Failed to open stream: No such file or directory {"exception":"[object] (ErrorException(code: 0): require(C:\\Users\\matia\\EV1-laravel\\routes/console.php): Failed to open stream: No such file or directory at C:/Users/matia/EV1-laravel/app/Console/Kernel.php:25)
[stacktrace]
#0 C:/Users/matia/EV1-laravel/vendor/laravel/framework/src/Illuminate/Foundation/Bootstrap/HandleExceptions.php(255): Illuminate/Foundation/Bootstrap/HandleExceptions->handleError()
#1 C:/Users/matia/EV1-laravel/app/Console/Kernel.php(25): Illuminate/Foundation/Bootstrap/HandleExceptions->{closure:Illuminate/Foundation/Bootstrap/HandleExceptions::forwardsTo():254}()
#2 C:/Users/matia/EV1-laravel/app/Console/Kernel.php(25): require('...')
#3 C:/Users/matia/EV1-laravel/vendor/laravel/framework/src/Illuminate/Foundation/Console/Kernel.php(453): App/Console/Kernel->commands()
#4 C:/Users/matia/EV1-laravel/vendor/laravel/framework/src/Illuminate/Foundation/Console/Kernel.php(199): Illuminate/Foundation/Console/Kernel->bootstrap()
#5 C:/Users/matia/EV1-laravel/artisan(27): Illuminate/Foundation/Console/Kernel->handle()
#6 {main}
"} 
[2026-08-12 06:29:10] local.ERROR: Unmatched '}' {"exception":"[object] (ParseError(code: 0): Unmatched '}' at C:/Users/matia/EV1-laravel/routes/console.php:3)
[stacktrace]
#0 C:/Users/matia/EV1-laravel/vendor/laravel/framework/src/Illuminate/Foundation/Console/Kernel.php(453): App/Console/Kernel->commands()
#1 C:/Users/matia/EV1-laravel/vendor/laravel/framework/src/Illuminate/Foundation/Console/Kernel.php(199): Illuminate/Foundation/Console/Kernel->bootstrap()
#2 C:/Users/matia/EV1-laravel/artisan(27): Illuminate/Foundation/Console/Kernel->handle()
#3 {main}
"} 
[2026-08-12 06:29:44] local.ERROR: Unsupported cipher or incorrect key length. Supported ciphers are: aes-128-cbc, aes-256-cbc, aes-128-gcm, aes-256-gcm. {"exception":"[object] (RuntimeException(code: 0): Unsupported cipher or incorrect key length. Supported ciphers are: aes-128-cbc, aes-256-cbc, aes-128-gcm, aes-256-gcm. at C:/Users/matia/EV1-laravel/vendor/laravel/framework/src/Illuminate/Encryption/Encrypter.php:55)
[stacktrace]
#0 C:/Users/matia/EV1-laravel/vendor/laravel/framework/src/Illuminate/Encryption/EncryptionServiceProvider.php(32): Illuminate/Encryption/Encrypter->__construct()
#1 C:/Users/matia/EV1-laravel/vendor/laravel/framework/src/Illuminate/Container/Container.php(908): Illuminate/Encryption/EncryptionServiceProvider->{closure:Illuminate/Encryption/EncryptionServiceProvider::registerEncrypter():29}()
#2 C:/Users/matia/EV1-laravel/vendor/laravel/framework/src/Illuminate/Container/Container.php(795): Illuminate/Container/Container->build()
#3 C:/Users/matia/EV1-laravel/vendor/laravel/framework/src/Illuminate/Foundation/Application.php(986): Illuminate/Container/Container->resolve()
#4 C:/Users/matia/EV1-laravel/vendor/laravel/framework/src/Illuminate/Container/Container.php(731): Illuminate/Foundation/Application->resolve()
#5 C:/Users/matia/EV1-laravel/vendor/laravel/framework/src/Illuminate/Foundation/Application.php(971): Illuminate/Container/Container->make()
#6 C:/Users/matia/EV1-laravel/vendor/laravel/framework/src/Illuminate/Container/Container.php(1066): Illuminate/Foundation/Application->make()
#7 C:/Users/matia/EV1-laravel/vendor/laravel/framework/src/Illuminate/Container/Container.php(982): Illuminate/Container/Container->resolveClass()
#8 C:/Users/matia/EV1-laravel/vendor/laravel/framework/src/Illuminate/Container/Container.php(943): Illuminate/Container/Container->resolveDependencies()
#9 C:/Users/matia/EV1-laravel/vendor/laravel/framework/src/Illuminate/Container/Container.php(795): Illuminate/Container/Container->build()
#10 C:/Users/matia/EV1-laravel/vendor/laravel/framework/src/Illuminate/Foundation/Application.php(986): Illuminate/Container/Container->resolve()
#11 C:/Users/matia/EV1-laravel/vendor/laravel/framework/src/Illuminate/Container/Container.php(731): Illuminate/Foundation/Application->resolve()
#12 C:/Users/matia/EV1-laravel/vendor/laravel/framework/src/Illuminate/Foundation/Application.php(971): Illuminate/Container/Container->make()
#13 C:/Users/matia/EV1-laravel/vendor/laravel/framework/src/Illuminate/Pipeline/Pipeline.php(172): Illuminate/Foundation/Application->make()
#14 C:/Users/matia/EV1-laravel/vendor/laravel/framework/src/Illuminate/Pipeline/Pipeline.php(119): Illuminate/Pipeline/Pipeline->{closure:{closure:Illuminate/Pipeline/Pipeline::carry():158}:159}()
#15 C:/Users/matia/EV1-laravel/vendor/laravel/framework/src/Illuminate/Routing/Router.php(805): Illuminate/Pipeline/Pipeline->then()
#16 C:/Users/matia/EV1-laravel/vendor/laravel/framework/src/Illuminate/Routing/Router.php(784): Illuminate/Routing/Router->runRouteWithinStack()
#17 C:/Users/matia/EV1-laravel/vendor/laravel/framework/src/Illuminate/Routing/Router.php(748): Illuminate/Routing/Router->runRoute()
#18 C:/Users/matia/EV1-laravel/vendor/laravel/framework/src/Illuminate/Routing/Router.php(737): Illuminate/Routing/Router->dispatchToRoute()
#19 C:/Users/matia/EV1-laravel/vendor/laravel/framework/src/Illuminate/Foundation/Http/Kernel.php(200): Illuminate/Routing/Router->dispatch()
#20 C:/Users/matia/EV1-laravel/vendor/laravel/framework/src/Illuminate/Pipeline/Pipeline.php(144): Illuminate/Foundation/Http/Kernel->{closure:Illuminate/Foundation/Http/Kernel::dispatchToRouter():197}()
#21 C:/Users/matia/EV1-laravel/vendor/laravel/framework/src/Illuminate/Foundation/Http/Middleware/TransformsRequest.php(21): Illuminate/Pipeline/Pipeline->{closure:Illuminate/Pipeline/Pipeline::prepareDestination():142}()
#22 C:/Users/matia/EV1-laravel/vendor/laravel/framework/src/Illuminate/Foundation/Http/Middleware/ConvertEmptyStringsToNull.php(31): Illuminate/Foundation/Http/Middleware/TransformsRequest->handle()
#23 C:/Users/matia/EV1-laravel/vendor/laravel/framework/src/Illuminate/Pipeline/Pipeline.php(183): Illuminate/Foundation/Http/Middleware/ConvertEmptyStringsToNull->handle()
#24 C:/Users/matia/EV1-laravel/vendor/laravel/framework/src/Illuminate/Foundation/Http/Middleware/ValidatePostSize.php(27): Illuminate/Pipeline/Pipeline->{closure:{closure:Illuminate/Pipeline/Pipeline::carry():158}:159}()
#25 C:/Users/matia/EV1-laravel/vendor/laravel/framework/src/Illuminate/Pipeline/Pipeline.php(183): Illuminate/Foundation/Http/Middleware/ValidatePostSize->handle()
#26 C:/Users/matia/EV1-laravel/vendor/laravel/framework/src/Illuminate/Foundation/Http/Middleware/PreventRequestsDuringMaintenance.php(99): Illuminate/Pipeline/Pipeline->{closure:{closure:Illuminate/Pipeline/Pipeline::carry():158}:159}()
#27 C:/Users/matia/EV1-laravel/vendor/laravel/framework/src/Illuminate/Pipeline/Pipeline.php(183): Illuminate/Foundation/Http/Middleware/PreventRequestsDuringMaintenance->handle()
#28 C:/Users/matia/EV1-laravel/vendor/laravel/framework/src/Illuminate/Pipeline/Pipeline.php(119): Illuminate/Pipeline/Pipeline->{closure:{closure:Illuminate/Pipeline/Pipeline::carry():158}:159}()
#29 C:/Users/matia/EV1-laravel/vendor/laravel/framework/src/Illuminate/Foundation/Http/Kernel.php(175): Illuminate/Pipeline/Pipeline->then()
#30 C:/Users/matia/EV1-laravel/vendor/laravel/framework/src/Illuminate/Foundation/Http/Kernel.php(144): Illuminate/Foundation/Http/Kernel->sendRequestThroughRouter()
#31 C:/Users/matia/EV1-laravel/public/index.php(51): Illuminate/Foundation/Http/Kernel->handle()
#32 C:/Users/matia/EV1-laravel/vendor/laravel/framework/src/Illuminate/Foundation/resources/server.php(16): require_once('...')
#33 {main}
"} 
[2026-08-12 06:29:44] local.ERROR: Unsupported cipher or incorrect key length. Supported ciphers are: aes-128-cbc, aes-256-cbc, aes-128-gcm, aes-256-gcm. {"exception":"[object] (RuntimeException(code: 0): Unsupported cipher or incorrect key length. Supported ciphers are: aes-128-cbc, aes-256-cbc, aes-128-gcm, aes-256-gcm. at C:/Users/matia/EV1-laravel/vendor/laravel/framework/src/Illuminate/Encryption/Encrypter.php:55)
[stacktrace]
#0 C:/Users/matia/EV1-laravel/vendor/laravel/framework/src/Illuminate/Encryption/EncryptionServiceProvider.php(32): Illuminate/Encryption/Encrypter->__construct()
#1 C:/Users/matia/EV1-laravel/vendor/laravel/framework/src/Illuminate/Container/Container.php(908): Illuminate/Encryption/EncryptionServiceProvider->{closure:Illuminate/Encryption/EncryptionServiceProvider::registerEncrypter():29}()
#2 C:/Users/matia/EV1-laravel/vendor/laravel/framework/src/Illuminate/Container/Container.php(795): Illuminate/Container/Container->build()
#3 C:/Users/matia/EV1-laravel/vendor/laravel/framework/src/Illuminate/Foundation/Application.php(986): Illuminate/Container/Container->resolve()
#4 C:/Users/matia/EV1-laravel/vendor/laravel/framework/src/Illuminate/Container/Container.php(731): Illuminate/Foundation/Application->resolve()
#5 C:/Users/matia/EV1-laravel/vendor/laravel/framework/src/Illuminate/Foundation/Application.php(971): Illuminate/Container/Container->make()
#6 C:/Users/matia/EV1-laravel/vendor/laravel/framework/src/Illuminate/Container/Container.php(1066): Illuminate/Foundation/Application->make()
#7 C:/Users/matia/EV1-laravel/vendor/laravel/framework/src/Illuminate/Container/Container.php(982): Illuminate/Container/Container->resolveClass()
#8 C:/Users/matia/EV1-laravel/vendor/laravel/framework/src/Illuminate/Container/Container.php(943): Illuminate/Container/Container->resolveDependencies()
#9 C:/Users/matia/EV1-laravel/vendor/laravel/framework/src/Illuminate/Container/Container.php(795): Illuminate/Container/Container->build()
#10 C:/Users/matia/EV1-laravel/vendor/laravel/framework/src/Illuminate/Foundation/Application.php(986): Illuminate/Container/Container->resolve()
#11 C:/Users/matia/EV1-laravel/vendor/laravel/framework/src/Illuminate/Container/Container.php(731): Illuminate/Foundation/Application->resolve()
#12 C:/Users/matia/EV1-laravel/vendor/laravel/framework/src/Illuminate/Foundation/Application.php(971): Illuminate/Container/Container->make()
#13 C:/Users/matia/EV1-laravel/vendor/laravel/framework/src/Illuminate/Foundation/Http/Kernel.php(255): Illuminate/Foundation/Application->make()
#14 C:/Users/matia/EV1-laravel/vendor/laravel/framework/src/Illuminate/Foundation/Http/Kernel.php(213): Illuminate/Foundation/Http/Kernel->terminateMiddleware()
#15 C:/Users/matia/EV1-laravel/public/index.php(55): Illuminate/Foundation/Http/Kernel->terminate()
#16 C:/Users/matia/EV1-laravel/vendor/laravel/framework/src/Illuminate/Foundation/resources/server.php(16): require_once('...')
#17 {main}
"} 
[2026-08-12 06:30:57] local.ERROR: file_put_contents(C:\Users\matia\EV1-laravel\storage\framework/sessions/lgQG8pL805xkuDeGR3r5A2FLise0GfItAUehOpXN): Failed to open stream: No such file or directory {"exception":"[object] (ErrorException(code: 0): file_put_contents(C:\\Users\\matia\\EV1-laravel\\storage\\framework/sessions/lgQG8pL805xkuDeGR3r5A2FLise0GfItAUehOpXN): Failed to open stream: No such file or directory at C:/Users/matia/EV1-laravel/vendor/laravel/framework/src/Illuminate/Filesystem/Filesystem.php:204)
[stacktrace]
#0 C:/Users/matia/EV1-laravel/vendor/laravel/framework/src/Illuminate/Foundation/Bootstrap/HandleExceptions.php(255): Illuminate/Foundation/Bootstrap/HandleExceptions->handleError()
#1 [internal function]: Illuminate/Foundation/Bootstrap/HandleExceptions->{closure:Illuminate/Foundation/Bootstrap/HandleExceptions::forwardsTo():254}()
#2 C:/Users/matia/EV1-laravel/vendor/laravel/framework/src/Illuminate/Filesystem/Filesystem.php(204): file_put_contents()
#3 C:/Users/matia/EV1-laravel/vendor/laravel/framework/src/Illuminate/Session/FileSessionHandler.php(90): Illuminate/Filesystem/Filesystem->put()
#4 C:/Users/matia/EV1-laravel/vendor/laravel/framework/src/Illuminate/Session/Store.php(179): Illuminate/Session/FileSessionHandler->write()
#5 C:/Users/matia/EV1-laravel/vendor/laravel/framework/src/Illuminate/Session/Middleware/StartSession.php(245): Illuminate/Session/Store->save()
#6 C:/Users/matia/EV1-laravel/vendor/laravel/framework/src/Illuminate/Session/Middleware/StartSession.php(130): Illuminate/Session/Middleware/StartSession->saveSession()
#7 C:/Users/matia/EV1-laravel/vendor/laravel/framework/src/Illuminate/Session/Middleware/StartSession.php(64): Illuminate/Session/Middleware/StartSession->handleStatefulRequest()
#8 C:/Users/matia/EV1-laravel/vendor/laravel/framework/src/Illuminate/Pipeline/Pipeline.php(183): Illuminate/Session/Middleware/StartSession->handle()
#9 C:/Users/matia/EV1-laravel/vendor/laravel/framework/src/Illuminate/Cookie/Middleware/AddQueuedCookiesToResponse.php(37): Illuminate/Pipeline/Pipeline->{closure:{closure:Illuminate/Pipeline/Pipeline::carry():158}:159}()
#10 C:/Users/matia/EV1-laravel/vendor/laravel/framework/src/Illuminate/Pipeline/Pipeline.php(183): Illuminate/Cookie/Middleware/AddQueuedCookiesToResponse->handle()
#11 C:/Users/matia/EV1-laravel/vendor/laravel/framework/src/Illuminate/Cookie/Middleware/EncryptCookies.php(67): Illuminate/Pipeline/Pipeline->{closure:{closure:Illuminate/Pipeline/Pipeline::carry():158}:159}()
#12 C:/Users/matia/EV1-laravel/vendor/laravel/framework/src/Illuminate/Pipeline/Pipeline.php(183): Illuminate/Cookie/Middleware/EncryptCookies->handle()
#13 C:/Users/matia/EV1-laravel/vendor/laravel/framework/src/Illuminate/Pipeline/Pipeline.php(119): Illuminate/Pipeline/Pipeline->{closure:{closure:Illuminate/Pipeline/Pipeline::carry():158}:159}()
#14 C:/Users/matia/EV1-laravel/vendor/laravel/framework/src/Illuminate/Routing/Router.php(805): Illuminate/Pipeline/Pipeline->then()
#15 C:/Users/matia/EV1-laravel/vendor/laravel/framework/src/Illuminate/Routing/Router.php(784): Illuminate/Routing/Router->runRouteWithinStack()
#16 C:/Users/matia/EV1-laravel/vendor/laravel/framework/src/Illuminate/Routing/Router.php(748): Illuminate/Routing/Router->runRoute()
#17 C:/Users/matia/EV1-laravel/vendor/laravel/framework/src/Illuminate/Routing/Router.php(737): Illuminate/Routing/Router->dispatchToRoute()
#18 C:/Users/matia/EV1-laravel/vendor/laravel/framework/src/Illuminate/Foundation/Http/Kernel.php(200): Illuminate/Routing/Router->dispatch()
#19 C:/Users/matia/EV1-laravel/vendor/laravel/framework/src/Illuminate/Pipeline/Pipeline.php(144): Illuminate/Foundation/Http/Kernel->{closure:Illuminate/Foundation/Http/Kernel::dispatchToRouter():197}()
#20 C:/Users/matia/EV1-laravel/vendor/laravel/framework/src/Illuminate/Foundation/Http/Middleware/TransformsRequest.php(21): Illuminate/Pipeline/Pipeline->{closure:Illuminate/Pipeline/Pipeline::prepareDestination():142}()
#21 C:/Users/matia/EV1-laravel/vendor/laravel/framework/src/Illuminate/Foundation/Http/Middleware/ConvertEmptyStringsToNull.php(31): Illuminate/Foundation/Http/Middleware/TransformsRequest->handle()
#22 C:/Users/matia/EV1-laravel/vendor/laravel/framework/src/Illuminate/Pipeline/Pipeline.php(183): Illuminate/Foundation/Http/Middleware/ConvertEmptyStringsToNull->handle()
#23 C:/Users/matia/EV1-laravel/vendor/laravel/framework/src/Illuminate/Foundation/Http/Middleware/ValidatePostSize.php(27): Illuminate/Pipeline/Pipeline->{closure:{closure:Illuminate/Pipeline/Pipeline::carry():158}:159}()
#24 C:/Users/matia/EV1-laravel/vendor/laravel/framework/src/Illuminate/Pipeline/Pipeline.php(183): Illuminate/Foundation/Http/Middleware/ValidatePostSize->handle()
#25 C:/Users/matia/EV1-laravel/vendor/laravel/framework/src/Illuminate/Foundation/Http/Middleware/PreventRequestsDuringMaintenance.php(99): Illuminate/Pipeline/Pipeline->{closure:{closure:Illuminate/Pipeline/Pipeline::carry():158}:159}()
#26 C:/Users/matia/EV1-laravel/vendor/laravel/framework/src/Illuminate/Pipeline/Pipeline.php(183): Illuminate/Foundation/Http/Middleware/PreventRequestsDuringMaintenance->handle()
#27 C:/Users/matia/EV1-laravel/vendor/laravel/framework/src/Illuminate/Pipeline/Pipeline.php(119): Illuminate/Pipeline/Pipeline->{closure:{closure:Illuminate/Pipeline/Pipeline::carry():158}:159}()
#28 C:/Users/matia/EV1-laravel/vendor/laravel/framework/src/Illuminate/Foundation/Http/Kernel.php(175): Illuminate/Pipeline/Pipeline->then()
#29 C:/Users/matia/EV1-laravel/vendor/laravel/framework/src/Illuminate/Foundation/Http/Kernel.php(144): Illuminate/Foundation/Http/Kernel->sendRequestThroughRouter()
#30 C:/Users/matia/EV1-laravel/public/index.php(51): Illuminate/Foundation/Http/Kernel->handle()
#31 C:/Users/matia/EV1-laravel/vendor/laravel/framework/src/Illuminate/Foundation/resources/server.php(16): require_once('...')
#32 {main}
"} 
[2026-08-13 03:29:15] local.ERROR: could not find driver (Connection: mysql, SQL: select * from `usuarios` where `correo` = juan@gmail.com limit 1) {"exception":"[object] (Illuminate\\Database\\QueryException(code: 0): could not find driver (Connection: mysql, SQL: select * from `usuarios` where `correo` = juan@gmail.com limit 1) at C:/Users/holan/OneDrive/Documentos/EV1-laravel-atomic-design/EV1-laravel/vendor/laravel/framework/src/Illuminate/Database/Connection.php:829)
[stacktrace]
#0 C:/Users/holan/OneDrive/Documentos/EV1-laravel-atomic-design/EV1-laravel/vendor/laravel/framework/src/Illuminate/Database/Connection.php(783): Illuminate/Database/Connection->runQueryCallback()
#1 C:/Users/holan/OneDrive/Documentos/EV1-laravel-atomic-design/EV1-laravel/vendor/laravel/framework/src/Illuminate/Database/Connection.php(414): Illuminate/Database/Connection->run()
#2 C:/Users/holan/OneDrive/Documentos/EV1-laravel-atomic-design/EV1-laravel/vendor/laravel/framework/src/Illuminate/Database/Query/Builder.php(2913): Illuminate/Database/Connection->select()
#3 C:/Users/holan/OneDrive/Documentos/EV1-laravel-atomic-design/EV1-laravel/vendor/laravel/framework/src/Illuminate/Database/Query/Builder.php(2902): Illuminate/Database/Query/Builder->runSelect()
#4 C:/Users/holan/OneDrive/Documentos/EV1-laravel-atomic-design/EV1-laravel/vendor/laravel/framework/src/Illuminate/Database/Query/Builder.php(3456): Illuminate/Database/Query/Builder->{closure:Illuminate/Database/Query/Builder::get():2901}()
#5 C:/Users/holan/OneDrive/Documentos/EV1-laravel-atomic-design/EV1-laravel/vendor/laravel/framework/src/Illuminate/Database/Query/Builder.php(2901): Illuminate/Database/Query/Builder->onceWithColumns()
#6 C:/Users/holan/OneDrive/Documentos/EV1-laravel-atomic-design/EV1-laravel/vendor/laravel/framework/src/Illuminate/Database/Eloquent/Builder.php(739): Illuminate/Database/Query/Builder->get()
#7 C:/Users/holan/OneDrive/Documentos/EV1-laravel-atomic-design/EV1-laravel/vendor/laravel/framework/src/Illuminate/Database/Eloquent/Builder.php(723): Illuminate/Database/Eloquent/Builder->getModels()
#8 C:/Users/holan/OneDrive/Documentos/EV1-laravel-atomic-design/EV1-laravel/vendor/laravel/framework/src/Illuminate/Database/Concerns/BuildsQueries.php(333): Illuminate/Database/Eloquent/Builder->get()
#9 C:/Users/holan/OneDrive/Documentos/EV1-laravel-atomic-design/EV1-laravel/app/Http/Controllers/AuthController.php(86): Illuminate/Database/Eloquent/Builder->first()
#10 C:/Users/holan/OneDrive/Documentos/EV1-laravel-atomic-design/EV1-laravel/vendor/laravel/framework/src/Illuminate/Routing/ControllerDispatcher.php(46): App/Http/Controllers/AuthController->login()
#11 C:/Users/holan/OneDrive/Documentos/EV1-laravel-atomic-design/EV1-laravel/vendor/laravel/framework/src/Illuminate/Routing/Route.php(259): Illuminate/Routing/ControllerDispatcher->dispatch()
#12 C:/Users/holan/OneDrive/Documentos/EV1-laravel-atomic-design/EV1-laravel/vendor/laravel/framework/src/Illuminate/Routing/Route.php(205): Illuminate/Routing/Route->runController()
#13 C:/Users/holan/OneDrive/Documentos/EV1-laravel-atomic-design/EV1-laravel/vendor/laravel/framework/src/Illuminate/Routing/Router.php(806): Illuminate/Routing/Route->run()
#14 C:/Users/holan/OneDrive/Documentos/EV1-laravel-atomic-design/EV1-laravel/vendor/laravel/framework/src/Illuminate/Pipeline/Pipeline.php(144): Illuminate/Routing/Router->{closure:Illuminate/Routing/Router::runRouteWithinStack():805}()
#15 C:/Users/holan/OneDrive/Documentos/EV1-laravel-atomic-design/EV1-laravel/vendor/laravel/framework/src/Illuminate/Routing/Middleware/SubstituteBindings.php(50): Illuminate/Pipeline/Pipeline->{closure:Illuminate/Pipeline/Pipeline::prepareDestination():142}()
#16 C:/Users/holan/OneDrive/Documentos/EV1-laravel-atomic-design/EV1-laravel/vendor/laravel/framework/src/Illuminate/Pipeline/Pipeline.php(183): Illuminate/Routing/Middleware/SubstituteBindings->handle()
#17 C:/Users/holan/OneDrive/Documentos/EV1-laravel-atomic-design/EV1-laravel/vendor/laravel/framework/src/Illuminate/View/Middleware/ShareErrorsFromSession.php(49): Illuminate/Pipeline/Pipeline->{closure:{closure:Illuminate/Pipeline/Pipeline::carry():158}:159}()
#18 C:/Users/holan/OneDrive/Documentos/EV1-laravel-atomic-design/EV1-laravel/vendor/laravel/framework/src/Illuminate/Pipeline/Pipeline.php(183): Illuminate/View/Middleware/ShareErrorsFromSession->handle()
#19 C:/Users/holan/OneDrive/Documentos/EV1-laravel-atomic-design/EV1-laravel/vendor/laravel/framework/src/Illuminate/Session/Middleware/StartSession.php(121): Illuminate/Pipeline/Pipeline->{closure:{closure:Illuminate/Pipeline/Pipeline::carry():158}:159}()
#20 C:/Users/holan/OneDrive/Documentos/EV1-laravel-atomic-design/EV1-laravel/vendor/laravel/framework/src/Illuminate/Session/Middleware/StartSession.php(64): Illuminate/Session/Middleware/StartSession->handleStatefulRequest()
#21 C:/Users/holan/OneDrive/Documentos/EV1-laravel-atomic-design/EV1-laravel/vendor/laravel/framework/src/Illuminate/Pipeline/Pipeline.php(183): Illuminate/Session/Middleware/StartSession->handle()
#22 C:/Users/holan/OneDrive/Documentos/EV1-laravel-atomic-design/EV1-laravel/vendor/laravel/framework/src/Illuminate/Cookie/Middleware/AddQueuedCookiesToResponse.php(37): Illuminate/Pipeline/Pipeline->{closure:{closure:Illuminate/Pipeline/Pipeline::carry():158}:159}()
#23 C:/Users/holan/OneDrive/Documentos/EV1-laravel-atomic-design/EV1-laravel/vendor/laravel/framework/src/Illuminate/Pipeline/Pipeline.php(183): Illuminate/Cookie/Middleware/AddQueuedCookiesToResponse->handle()
#24 C:/Users/holan/OneDrive/Documentos/EV1-laravel-atomic-design/EV1-laravel/vendor/laravel/framework/src/Illuminate/Cookie/Middleware/EncryptCookies.php(67): Illuminate/Pipeline/Pipeline->{closure:{closure:Illuminate/Pipeline/Pipeline::carry():158}:159}()
#25 C:/Users/holan/OneDrive/Documentos/EV1-laravel-atomic-design/EV1-laravel/vendor/laravel/framework/src/Illuminate/Pipeline/Pipeline.php(183): Illuminate/Cookie/Middleware/EncryptCookies->handle()
#26 C:/Users/holan/OneDrive/Documentos/EV1-laravel-atomic-design/EV1-laravel/vendor/laravel/framework/src/Illuminate/Pipeline/Pipeline.php(119): Illuminate/Pipeline/Pipeline->{closure:{closure:Illuminate/Pipeline/Pipeline::carry():158}:159}()
#27 C:/Users/holan/OneDrive/Documentos/EV1-laravel-atomic-design/EV1-laravel/vendor/laravel/framework/src/Illuminate/Routing/Router.php(805): Illuminate/Pipeline/Pipeline->then()
#28 C:/Users/holan/OneDrive/Documentos/EV1-laravel-atomic-design/EV1-laravel/vendor/laravel/framework/src/Illuminate/Routing/Router.php(784): Illuminate/Routing/Router->runRouteWithinStack()
#29 C:/Users/holan/OneDrive/Documentos/EV1-laravel-atomic-design/EV1-laravel/vendor/laravel/framework/src/Illuminate/Routing/Router.php(748): Illuminate/Routing/Router->runRoute()
#30 C:/Users/holan/OneDrive/Documentos/EV1-laravel-atomic-design/EV1-laravel/vendor/laravel/framework/src/Illuminate/Routing/Router.php(737): Illuminate/Routing/Router->dispatchToRoute()
#31 C:/Users/holan/OneDrive/Documentos/EV1-laravel-atomic-design/EV1-laravel/vendor/laravel/framework/src/Illuminate/Foundation/Http/Kernel.php(200): Illuminate/Routing/Router->dispatch()
#32 C:/Users/holan/OneDrive/Documentos/EV1-laravel-atomic-design/EV1-laravel/vendor/laravel/framework/src/Illuminate/Pipeline/Pipeline.php(144): Illuminate/Foundation/Http/Kernel->{closure:Illuminate/Foundation/Http/Kernel::dispatchToRouter():197}()
#33 C:/Users/holan/OneDrive/Documentos/EV1-laravel-atomic-design/EV1-laravel/vendor/laravel/framework/src/Illuminate/Foundation/Http/Middleware/TransformsRequest.php(21): Illuminate/Pipeline/Pipeline->{closure:Illuminate/Pipeline/Pipeline::prepareDestination():142}()
#34 C:/Users/holan/OneDrive/Documentos/EV1-laravel-atomic-design/EV1-laravel/vendor/laravel/framework/src/Illuminate/Foundation/Http/Middleware/ConvertEmptyStringsToNull.php(31): Illuminate/Foundation/Http/Middleware/TransformsRequest->handle()
#35 C:/Users/holan/OneDrive/Documentos/EV1-laravel-atomic-design/EV1-laravel/vendor/laravel/framework/src/Illuminate/Pipeline/Pipeline.php(183): Illuminate/Foundation/Http/Middleware/ConvertEmptyStringsToNull->handle()
#36 C:/Users/holan/OneDrive/Documentos/EV1-laravel-atomic-design/EV1-laravel/vendor/laravel/framework/src/Illuminate/Foundation/Http/Middleware/ValidatePostSize.php(27): Illuminate/Pipeline/Pipeline->{closure:{closure:Illuminate/Pipeline/Pipeline::carry():158}:159}()
#37 C:/Users/holan/OneDrive/Documentos/EV1-laravel-atomic-design/EV1-laravel/vendor/laravel/framework/src/Illuminate/Pipeline/Pipeline.php(183): Illuminate/Foundation/Http/Middleware/ValidatePostSize->handle()
#38 C:/Users/holan/OneDrive/Documentos/EV1-laravel-atomic-design/EV1-laravel/vendor/laravel/framework/src/Illuminate/Foundation/Http/Middleware/PreventRequestsDuringMaintenance.php(99): Illuminate/Pipeline/Pipeline->{closure:{closure:Illuminate/Pipeline/Pipeline::carry():158}:159}()
#39 C:/Users/holan/OneDrive/Documentos/EV1-laravel-atomic-design/EV1-laravel/vendor/laravel/framework/src/Illuminate/Pipeline/Pipeline.php(183): Illuminate/Foundation/Http/Middleware/PreventRequestsDuringMaintenance->handle()
#40 C:/Users/holan/OneDrive/Documentos/EV1-laravel-atomic-design/EV1-laravel/vendor/laravel/framework/src/Illuminate/Pipeline/Pipeline.php(119): Illuminate/Pipeline/Pipeline->{closure:{closure:Illuminate/Pipeline/Pipeline::carry():158}:159}()
#41 C:/Users/holan/OneDrive/Documentos/EV1-laravel-atomic-design/EV1-laravel/vendor/laravel/framework/src/Illuminate/Foundation/Http/Kernel.php(175): Illuminate/Pipeline/Pipeline->then()
#42 C:/Users/holan/OneDrive/Documentos/EV1-laravel-atomic-design/EV1-laravel/vendor/laravel/framework/src/Illuminate/Foundation/Http/Kernel.php(144): Illuminate/Foundation/Http/Kernel->sendRequestThroughRouter()
#43 C:/Users/holan/OneDrive/Documentos/EV1-laravel-atomic-design/EV1-laravel/public/index.php(51): Illuminate/Foundation/Http/Kernel->handle()
#44 C:/Users/holan/OneDrive/Documentos/EV1-laravel-atomic-design/EV1-laravel/vendor/laravel/framework/src/Illuminate/Foundation/resources/server.php(16): require_once('...')
#45 {main}

[previous exception] [object] (PDOException(code: 0): could not find driver at C:/Users/holan/OneDrive/Documentos/EV1-laravel-atomic-design/EV1-laravel/vendor/laravel/framework/src/Illuminate/Database/Connectors/Connector.php:65)
[stacktrace]
#0 C:/Users/holan/OneDrive/Documentos/EV1-laravel-atomic-design/EV1-laravel/vendor/laravel/framework/src/Illuminate/Database/Connectors/Connector.php(65): PDO->__construct()
#1 C:/Users/holan/OneDrive/Documentos/EV1-laravel-atomic-design/EV1-laravel/vendor/laravel/framework/src/Illuminate/Database/Connectors/Connector.php(44): Illuminate/Database/Connectors/Connector->createPdoConnection()
#2 C:/Users/holan/OneDrive/Documentos/EV1-laravel-atomic-design/EV1-laravel/vendor/laravel/framework/src/Illuminate/Database/Connectors/MySqlConnector.php(24): Illuminate/Database/Connectors/Connector->createConnection()
#3 C:/Users/holan/OneDrive/Documentos/EV1-laravel-atomic-design/EV1-laravel/vendor/laravel/framework/src/Illuminate/Database/Connectors/ConnectionFactory.php(184): Illuminate/Database/Connectors/MySqlConnector->connect()
#4 [internal function]: Illuminate/Database/Connectors/ConnectionFactory->{closure:Illuminate/Database/Connectors/ConnectionFactory::createPdoResolverWithHosts():179}()
#5 C:/Users/holan/OneDrive/Documentos/EV1-laravel-atomic-design/EV1-laravel/vendor/laravel/framework/src/Illuminate/Database/Connection.php(1339): call_user_func()
#6 C:/Users/holan/OneDrive/Documentos/EV1-laravel-atomic-design/EV1-laravel/vendor/laravel/framework/src/Illuminate/Database/Connection.php(1375): Illuminate/Database/Connection->getPdo()
#7 C:/Users/holan/OneDrive/Documentos/EV1-laravel-atomic-design/EV1-laravel/vendor/laravel/framework/src/Illuminate/Database/Connection.php(528): Illuminate/Database/Connection->getReadPdo()
#8 C:/Users/holan/OneDrive/Documentos/EV1-laravel-atomic-design/EV1-laravel/vendor/laravel/framework/src/Illuminate/Database/Connection.php(423): Illuminate/Database/Connection->getPdoForSelect()
#9 C:/Users/holan/OneDrive/Documentos/EV1-laravel-atomic-design/EV1-laravel/vendor/laravel/framework/src/Illuminate/Database/Connection.php(816): Illuminate/Database/Connection->{closure:Illuminate/Database/Connection::select():414}()
#10 C:/Users/holan/OneDrive/Documentos/EV1-laravel-atomic-design/EV1-laravel/vendor/laravel/framework/src/Illuminate/Database/Connection.php(783): Illuminate/Database/Connection->runQueryCallback()
#11 C:/Users/holan/OneDrive/Documentos/EV1-laravel-atomic-design/EV1-laravel/vendor/laravel/framework/src/Illuminate/Database/Connection.php(414): Illuminate/Database/Connection->run()
#12 C:/Users/holan/OneDrive/Documentos/EV1-laravel-atomic-design/EV1-laravel/vendor/laravel/framework/src/Illuminate/Database/Query/Builder.php(2913): Illuminate/Database/Connection->select()
#13 C:/Users/holan/OneDrive/Documentos/EV1-laravel-atomic-design/EV1-laravel/vendor/laravel/framework/src/Illuminate/Database/Query/Builder.php(2902): Illuminate/Database/Query/Builder->runSelect()
#14 C:/Users/holan/OneDrive/Documentos/EV1-laravel-atomic-design/EV1-laravel/vendor/laravel/framework/src/Illuminate/Database/Query/Builder.php(3456): Illuminate/Database/Query/Builder->{closure:Illuminate/Database/Query/Builder::get():2901}()
#15 C:/Users/holan/OneDrive/Documentos/EV1-laravel-atomic-design/EV1-laravel/vendor/laravel/framework/src/Illuminate/Database/Query/Builder.php(2901): Illuminate/Database/Query/Builder->onceWithColumns()
#16 C:/Users/holan/OneDrive/Documentos/EV1-laravel-atomic-design/EV1-laravel/vendor/laravel/framework/src/Illuminate/Database/Eloquent/Builder.php(739): Illuminate/Database/Query/Builder->get()
#17 C:/Users/holan/OneDrive/Documentos/EV1-laravel-atomic-design/EV1-laravel/vendor/laravel/framework/src/Illuminate/Database/Eloquent/Builder.php(723): Illuminate/Database/Eloquent/Builder->getModels()
#18 C:/Users/holan/OneDrive/Documentos/EV1-laravel-atomic-design/EV1-laravel/vendor/laravel/framework/src/Illuminate/Database/Concerns/BuildsQueries.php(333): Illuminate/Database/Eloquent/Builder->get()
#19 C:/Users/holan/OneDrive/Documentos/EV1-laravel-atomic-design/EV1-laravel/app/Http/Controllers/AuthController.php(86): Illuminate/Database/Eloquent/Builder->first()
#20 C:/Users/holan/OneDrive/Documentos/EV1-laravel-atomic-design/EV1-laravel/vendor/laravel/framework/src/Illuminate/Routing/ControllerDispatcher.php(46): App/Http/Controllers/AuthController->login()
#21 C:/Users/holan/OneDrive/Documentos/EV1-laravel-atomic-design/EV1-laravel/vendor/laravel/framework/src/Illuminate/Routing/Route.php(259): Illuminate/Routing/ControllerDispatcher->dispatch()
#22 C:/Users/holan/OneDrive/Documentos/EV1-laravel-atomic-design/EV1-laravel/vendor/laravel/framework/src/Illuminate/Routing/Route.php(205): Illuminate/Routing/Route->runController()
#23 C:/Users/holan/OneDrive/Documentos/EV1-laravel-atomic-design/EV1-laravel/vendor/laravel/framework/src/Illuminate/Routing/Router.php(806): Illuminate/Routing/Route->run()
#24 C:/Users/holan/OneDrive/Documentos/EV1-laravel-atomic-design/EV1-laravel/vendor/laravel/framework/src/Illuminate/Pipeline/Pipeline.php(144): Illuminate/Routing/Router->{closure:Illuminate/Routing/Router::runRouteWithinStack():805}()
#25 C:/Users/holan/OneDrive/Documentos/EV1-laravel-atomic-design/EV1-laravel/vendor/laravel/framework/src/Illuminate/Routing/Middleware/SubstituteBindings.php(50): Illuminate/Pipeline/Pipeline->{closure:Illuminate/Pipeline/Pipeline::prepareDestination():142}()
#26 C:/Users/holan/OneDrive/Documentos/EV1-laravel-atomic-design/EV1-laravel/vendor/laravel/framework/src/Illuminate/Pipeline/Pipeline.php(183): Illuminate/Routing/Middleware/SubstituteBindings->handle()
#27 C:/Users/holan/OneDrive/Documentos/EV1-laravel-atomic-design/EV1-laravel/vendor/laravel/framework/src/Illuminate/View/Middleware/ShareErrorsFromSession.php(49): Illuminate/Pipeline/Pipeline->{closure:{closure:Illuminate/Pipeline/Pipeline::carry():158}:159}()
#28 C:/Users/holan/OneDrive/Documentos/EV1-laravel-atomic-design/EV1-laravel/vendor/laravel/framework/src/Illuminate/Pipeline/Pipeline.php(183): Illuminate/View/Middleware/ShareErrorsFromSession->handle()
#29 C:/Users/holan/OneDrive/Documentos/EV1-laravel-atomic-design/EV1-laravel/vendor/laravel/framework/src/Illuminate/Session/Middleware/StartSession.php(121): Illuminate/Pipeline/Pipeline->{closure:{closure:Illuminate/Pipeline/Pipeline::carry():158}:159}()
#30 C:/Users/holan/OneDrive/Documentos/EV1-laravel-atomic-design/EV1-laravel/vendor/laravel/framework/src/Illuminate/Session/Middleware/StartSession.php(64): Illuminate/Session/Middleware/StartSession->handleStatefulRequest()
#31 C:/Users/holan/OneDrive/Documentos/EV1-laravel-atomic-design/EV1-laravel/vendor/laravel/framework/src/Illuminate/Pipeline/Pipeline.php(183): Illuminate/Session/Middleware/StartSession->handle()
#32 C:/Users/holan/OneDrive/Documentos/EV1-laravel-atomic-design/EV1-laravel/vendor/laravel/framework/src/Illuminate/Cookie/Middleware/AddQueuedCookiesToResponse.php(37): Illuminate/Pipeline/Pipeline->{closure:{closure:Illuminate/Pipeline/Pipeline::carry():158}:159}()
#33 C:/Users/holan/OneDrive/Documentos/EV1-laravel-atomic-design/EV1-laravel/vendor/laravel/framework/src/Illuminate/Pipeline/Pipeline.php(183): Illuminate/Cookie/Middleware/AddQueuedCookiesToResponse->handle()
#34 C:/Users/holan/OneDrive/Documentos/EV1-laravel-atomic-design/EV1-laravel/vendor/laravel/framework/src/Illuminate/Cookie/Middleware/EncryptCookies.php(67): Illuminate/Pipeline/Pipeline->{closure:{closure:Illuminate/Pipeline/Pipeline::carry():158}:159}()
#35 C:/Users/holan/OneDrive/Documentos/EV1-laravel-atomic-design/EV1-laravel/vendor/laravel/framework/src/Illuminate/Pipeline/Pipeline.php(183): Illuminate/Cookie/Middleware/EncryptCookies->handle()
#36 C:/Users/holan/OneDrive/Documentos/EV1-laravel-atomic-design/EV1-laravel/vendor/laravel/framework/src/Illuminate/Pipeline/Pipeline.php(119): Illuminate/Pipeline/Pipeline->{closure:{closure:Illuminate/Pipeline/Pipeline::carry():158}:159}()
#37 C:/Users/holan/OneDrive/Documentos/EV1-laravel-atomic-design/EV1-laravel/vendor/laravel/framework/src/Illuminate/Routing/Router.php(805): Illuminate/Pipeline/Pipeline->then()
#38 C:/Users/holan/OneDrive/Documentos/EV1-laravel-atomic-design/EV1-laravel/vendor/laravel/framework/src/Illuminate/Routing/Router.php(784): Illuminate/Routing/Router->runRouteWithinStack()
#39 C:/Users/holan/OneDrive/Documentos/EV1-laravel-atomic-design/EV1-laravel/vendor/laravel/framework/src/Illuminate/Routing/Router.php(748): Illuminate/Routing/Router->runRoute()
#40 C:/Users/holan/OneDrive/Documentos/EV1-laravel-atomic-design/EV1-laravel/vendor/laravel/framework/src/Illuminate/Routing/Router.php(737): Illuminate/Routing/Router->dispatchToRoute()
#41 C:/Users/holan/OneDrive/Documentos/EV1-laravel-atomic-design/EV1-laravel/vendor/laravel/framework/src/Illuminate/Foundation/Http/Kernel.php(200): Illuminate/Routing/Router->dispatch()
#42 C:/Users/holan/OneDrive/Documentos/EV1-laravel-atomic-design/EV1-laravel/vendor/laravel/framework/src/Illuminate/Pipeline/Pipeline.php(144): Illuminate/Foundation/Http/Kernel->{closure:Illuminate/Foundation/Http/Kernel::dispatchToRouter():197}()
#43 C:/Users/holan/OneDrive/Documentos/EV1-laravel-atomic-design/EV1-laravel/vendor/laravel/framework/src/Illuminate/Foundation/Http/Middleware/TransformsRequest.php(21): Illuminate/Pipeline/Pipeline->{closure:Illuminate/Pipeline/Pipeline::prepareDestination():142}()
#44 C:/Users/holan/OneDrive/Documentos/EV1-laravel-atomic-design/EV1-laravel/vendor/laravel/framework/src/Illuminate/Foundation/Http/Middleware/ConvertEmptyStringsToNull.php(31): Illuminate/Foundation/Http/Middleware/TransformsRequest->handle()
#45 C:/Users/holan/OneDrive/Documentos/EV1-laravel-atomic-design/EV1-laravel/vendor/laravel/framework/src/Illuminate/Pipeline/Pipeline.php(183): Illuminate/Foundation/Http/Middleware/ConvertEmptyStringsToNull->handle()
#46 C:/Users/holan/OneDrive/Documentos/EV1-laravel-atomic-design/EV1-laravel/vendor/laravel/framework/src/Illuminate/Foundation/Http/Middleware/ValidatePostSize.php(27): Illuminate/Pipeline/Pipeline->{closure:{closure:Illuminate/Pipeline/Pipeline::carry():158}:159}()
#47 C:/Users/holan/OneDrive/Documentos/EV1-laravel-atomic-design/EV1-laravel/vendor/laravel/framework/src/Illuminate/Pipeline/Pipeline.php(183): Illuminate/Foundation/Http/Middleware/ValidatePostSize->handle()
#48 C:/Users/holan/OneDrive/Documentos/EV1-laravel-atomic-design/EV1-laravel/vendor/laravel/framework/src/Illuminate/Foundation/Http/Middleware/PreventRequestsDuringMaintenance.php(99): Illuminate/Pipeline/Pipeline->{closure:{closure:Illuminate/Pipeline/Pipeline::carry():158}:159}()
#49 C:/Users/holan/OneDrive/Documentos/EV1-laravel-atomic-design/EV1-laravel/vendor/laravel/framework/src/Illuminate/Pipeline/Pipeline.php(183): Illuminate/Foundation/Http/Middleware/PreventRequestsDuringMaintenance->handle()
#50 C:/Users/holan/OneDrive/Documentos/EV1-laravel-atomic-design/EV1-laravel/vendor/laravel/framework/src/Illuminate/Pipeline/Pipeline.php(119): Illuminate/Pipeline/Pipeline->{closure:{closure:Illuminate/Pipeline/Pipeline::carry():158}:159}()
#51 C:/Users/holan/OneDrive/Documentos/EV1-laravel-atomic-design/EV1-laravel/vendor/laravel/framework/src/Illuminate/Foundation/Http/Kernel.php(175): Illuminate/Pipeline/Pipeline->then()
#52 C:/Users/holan/OneDrive/Documentos/EV1-laravel-atomic-design/EV1-laravel/vendor/laravel/framework/src/Illuminate/Foundation/Http/Kernel.php(144): Illuminate/Foundation/Http/Kernel->sendRequestThroughRouter()
#53 C:/Users/holan/OneDrive/Documentos/EV1-laravel-atomic-design/EV1-laravel/public/index.php(51): Illuminate/Foundation/Http/Kernel->handle()
#54 C:/Users/holan/OneDrive/Documentos/EV1-laravel-atomic-design/EV1-laravel/vendor/laravel/framework/src/Illuminate/Foundation/resources/server.php(16): require_once('...')
#55 {main}
"} 
[2026-08-13 12:59:52] local.ERROR: could not find driver (Connection: mysql, SQL: select count(*) as aggregate from `usuarios` where `correo` = juan@gmail.com) {"exception":"[object] (Illuminate\\Database\\QueryException(code: 0): could not find driver (Connection: mysql, SQL: select count(*) as aggregate from `usuarios` where `correo` = juan@gmail.com) at C:/Users/holan/OneDrive/Documentos/EV1-laravel-atomic-design/EV1-laravel/vendor/laravel/framework/src/Illuminate/Database/Connection.php:829)
[stacktrace]
#0 C:/Users/holan/OneDrive/Documentos/EV1-laravel-atomic-design/EV1-laravel/vendor/laravel/framework/src/Illuminate/Database/Connection.php(783): Illuminate/Database/Connection->runQueryCallback()
#1 C:/Users/holan/OneDrive/Documentos/EV1-laravel-atomic-design/EV1-laravel/vendor/laravel/framework/src/Illuminate/Database/Connection.php(414): Illuminate/Database/Connection->run()
#2 C:/Users/holan/OneDrive/Documentos/EV1-laravel-atomic-design/EV1-laravel/vendor/laravel/framework/src/Illuminate/Database/Query/Builder.php(2913): Illuminate/Database/Connection->select()
#3 C:/Users/holan/OneDrive/Documentos/EV1-laravel-atomic-design/EV1-laravel/vendor/laravel/framework/src/Illuminate/Database/Query/Builder.php(2902): Illuminate/Database/Query/Builder->runSelect()
#4 C:/Users/holan/OneDrive/Documentos/EV1-laravel-atomic-design/EV1-laravel/vendor/laravel/framework/src/Illuminate/Database/Query/Builder.php(3456): Illuminate/Database/Query/Builder->{closure:Illuminate/Database/Query/Builder::get():2901}()
#5 C:/Users/holan/OneDrive/Documentos/EV1-laravel-atomic-design/EV1-laravel/vendor/laravel/framework/src/Illuminate/Database/Query/Builder.php(2901): Illuminate/Database/Query/Builder->onceWithColumns()
#6 C:/Users/holan/OneDrive/Documentos/EV1-laravel-atomic-design/EV1-laravel/vendor/laravel/framework/src/Illuminate/Database/Query/Builder.php(3383): Illuminate/Database/Query/Builder->get()
#7 C:/Users/holan/OneDrive/Documentos/EV1-laravel-atomic-design/EV1-laravel/vendor/laravel/framework/src/Illuminate/Database/Query/Builder.php(3311): Illuminate/Database/Query/Builder->aggregate()
#8 C:/Users/holan/OneDrive/Documentos/EV1-laravel-atomic-design/EV1-laravel/vendor/laravel/framework/src/Illuminate/Validation/DatabasePresenceVerifier.php(54): Illuminate/Database/Query/Builder->count()
#9 C:/Users/holan/OneDrive/Documentos/EV1-laravel-atomic-design/EV1-laravel/vendor/laravel/framework/src/Illuminate/Validation/Concerns/ValidatesAttributes.php(948): Illuminate/Validation/DatabasePresenceVerifier->getCount()
#10 C:/Users/holan/OneDrive/Documentos/EV1-laravel-atomic-design/EV1-laravel/vendor/laravel/framework/src/Illuminate/Validation/Validator.php(660): Illuminate/Validation/Validator->validateUnique()
#11 C:/Users/holan/OneDrive/Documentos/EV1-laravel-atomic-design/EV1-laravel/vendor/laravel/framework/src/Illuminate/Validation/Validator.php(459): Illuminate/Validation/Validator->validateAttribute()
#12 C:/Users/holan/OneDrive/Documentos/EV1-laravel-atomic-design/EV1-laravel/vendor/laravel/framework/src/Illuminate/Validation/Validator.php(494): Illuminate/Validation/Validator->passes()
#13 C:/Users/holan/OneDrive/Documentos/EV1-laravel-atomic-design/EV1-laravel/app/Http/Controllers/AuthController.php(44): Illuminate/Validation/Validator->fails()
#14 C:/Users/holan/OneDrive/Documentos/EV1-laravel-atomic-design/EV1-laravel/vendor/laravel/framework/src/Illuminate/Routing/ControllerDispatcher.php(46): App/Http/Controllers/AuthController->register()
#15 C:/Users/holan/OneDrive/Documentos/EV1-laravel-atomic-design/EV1-laravel/vendor/laravel/framework/src/Illuminate/Routing/Route.php(259): Illuminate/Routing/ControllerDispatcher->dispatch()
#16 C:/Users/holan/OneDrive/Documentos/EV1-laravel-atomic-design/EV1-laravel/vendor/laravel/framework/src/Illuminate/Routing/Route.php(205): Illuminate/Routing/Route->runController()
#17 C:/Users/holan/OneDrive/Documentos/EV1-laravel-atomic-design/EV1-laravel/vendor/laravel/framework/src/Illuminate/Routing/Router.php(806): Illuminate/Routing/Route->run()
#18 C:/Users/holan/OneDrive/Documentos/EV1-laravel-atomic-design/EV1-laravel/vendor/laravel/framework/src/Illuminate/Pipeline/Pipeline.php(144): Illuminate/Routing/Router->{closure:Illuminate/Routing/Router::runRouteWithinStack():805}()
#19 C:/Users/holan/OneDrive/Documentos/EV1-laravel-atomic-design/EV1-laravel/vendor/laravel/framework/src/Illuminate/Routing/Middleware/SubstituteBindings.php(50): Illuminate/Pipeline/Pipeline->{closure:Illuminate/Pipeline/Pipeline::prepareDestination():142}()
#20 C:/Users/holan/OneDrive/Documentos/EV1-laravel-atomic-design/EV1-laravel/vendor/laravel/framework/src/Illuminate/Pipeline/Pipeline.php(183): Illuminate/Routing/Middleware/SubstituteBindings->handle()
#21 C:/Users/holan/OneDrive/Documentos/EV1-laravel-atomic-design/EV1-laravel/vendor/laravel/framework/src/Illuminate/View/Middleware/ShareErrorsFromSession.php(49): Illuminate/Pipeline/Pipeline->{closure:{closure:Illuminate/Pipeline/Pipeline::carry():158}:159}()
#22 C:/Users/holan/OneDrive/Documentos/EV1-laravel-atomic-design/EV1-laravel/vendor/laravel/framework/src/Illuminate/Pipeline/Pipeline.php(183): Illuminate/View/Middleware/ShareErrorsFromSession->handle()
#23 C:/Users/holan/OneDrive/Documentos/EV1-laravel-atomic-design/EV1-laravel/vendor/laravel/framework/src/Illuminate/Session/Middleware/StartSession.php(121): Illuminate/Pipeline/Pipeline->{closure:{closure:Illuminate/Pipeline/Pipeline::carry():158}:159}()
#24 C:/Users/holan/OneDrive/Documentos/EV1-laravel-atomic-design/EV1-laravel/vendor/laravel/framework/src/Illuminate/Session/Middleware/StartSession.php(64): Illuminate/Session/Middleware/StartSession->handleStatefulRequest()
#25 C:/Users/holan/OneDrive/Documentos/EV1-laravel-atomic-design/EV1-laravel/vendor/laravel/framework/src/Illuminate/Pipeline/Pipeline.php(183): Illuminate/Session/Middleware/StartSession->handle()
#26 C:/Users/holan/OneDrive/Documentos/EV1-laravel-atomic-design/EV1-laravel/vendor/laravel/framework/src/Illuminate/Cookie/Middleware/AddQueuedCookiesToResponse.php(37): Illuminate/Pipeline/Pipeline->{closure:{closure:Illuminate/Pipeline/Pipeline::carry():158}:159}()
#27 C:/Users/holan/OneDrive/Documentos/EV1-laravel-atomic-design/EV1-laravel/vendor/laravel/framework/src/Illuminate/Pipeline/Pipeline.php(183): Illuminate/Cookie/Middleware/AddQueuedCookiesToResponse->handle()
#28 C:/Users/holan/OneDrive/Documentos/EV1-laravel-atomic-design/EV1-laravel/vendor/laravel/framework/src/Illuminate/Cookie/Middleware/EncryptCookies.php(67): Illuminate/Pipeline/Pipeline->{closure:{closure:Illuminate/Pipeline/Pipeline::carry():158}:159}()
#29 C:/Users/holan/OneDrive/Documentos/EV1-laravel-atomic-design/EV1-laravel/vendor/laravel/framework/src/Illuminate/Pipeline/Pipeline.php(183): Illuminate/Cookie/Middleware/EncryptCookies->handle()
#30 C:/Users/holan/OneDrive/Documentos/EV1-laravel-atomic-design/EV1-laravel/vendor/laravel/framework/src/Illuminate/Pipeline/Pipeline.php(119): Illuminate/Pipeline/Pipeline->{closure:{closure:Illuminate/Pipeline/Pipeline::carry():158}:159}()
#31 C:/Users/holan/OneDrive/Documentos/EV1-laravel-atomic-design/EV1-laravel/vendor/laravel/framework/src/Illuminate/Routing/Router.php(805): Illuminate/Pipeline/Pipeline->then()
#32 C:/Users/holan/OneDrive/Documentos/EV1-laravel-atomic-design/EV1-laravel/vendor/laravel/framework/src/Illuminate/Routing/Router.php(784): Illuminate/Routing/Router->runRouteWithinStack()
#33 C:/Users/holan/OneDrive/Documentos/EV1-laravel-atomic-design/EV1-laravel/vendor/laravel/framework/src/Illuminate/Routing/Router.php(748): Illuminate/Routing/Router->runRoute()
#34 C:/Users/holan/OneDrive/Documentos/EV1-laravel-atomic-design/EV1-laravel/vendor/laravel/framework/src/Illuminate/Routing/Router.php(737): Illuminate/Routing/Router->dispatchToRoute()
#35 C:/Users/holan/OneDrive/Documentos/EV1-laravel-atomic-design/EV1-laravel/vendor/laravel/framework/src/Illuminate/Foundation/Http/Kernel.php(200): Illuminate/Routing/Router->dispatch()
#36 C:/Users/holan/OneDrive/Documentos/EV1-laravel-atomic-design/EV1-laravel/vendor/laravel/framework/src/Illuminate/Pipeline/Pipeline.php(144): Illuminate/Foundation/Http/Kernel->{closure:Illuminate/Foundation/Http/Kernel::dispatchToRouter():197}()
#37 C:/Users/holan/OneDrive/Documentos/EV1-laravel-atomic-design/EV1-laravel/vendor/laravel/framework/src/Illuminate/Foundation/Http/Middleware/TransformsRequest.php(21): Illuminate/Pipeline/Pipeline->{closure:Illuminate/Pipeline/Pipeline::prepareDestination():142}()
#38 C:/Users/holan/OneDrive/Documentos/EV1-laravel-atomic-design/EV1-laravel/vendor/laravel/framework/src/Illuminate/Foundation/Http/Middleware/ConvertEmptyStringsToNull.php(31): Illuminate/Foundation/Http/Middleware/TransformsRequest->handle()
#39 C:/Users/holan/OneDrive/Documentos/EV1-laravel-atomic-design/EV1-laravel/vendor/laravel/framework/src/Illuminate/Pipeline/Pipeline.php(183): Illuminate/Foundation/Http/Middleware/ConvertEmptyStringsToNull->handle()
#40 C:/Users/holan/OneDrive/Documentos/EV1-laravel-atomic-design/EV1-laravel/vendor/laravel/framework/src/Illuminate/Foundation/Http/Middleware/ValidatePostSize.php(27): Illuminate/Pipeline/Pipeline->{closure:{closure:Illuminate/Pipeline/Pipeline::carry():158}:159}()
#41 C:/Users/holan/OneDrive/Documentos/EV1-laravel-atomic-design/EV1-laravel/vendor/laravel/framework/src/Illuminate/Pipeline/Pipeline.php(183): Illuminate/Foundation/Http/Middleware/ValidatePostSize->handle()
#42 C:/Users/holan/OneDrive/Documentos/EV1-laravel-atomic-design/EV1-laravel/vendor/laravel/framework/src/Illuminate/Foundation/Http/Middleware/PreventRequestsDuringMaintenance.php(99): Illuminate/Pipeline/Pipeline->{closure:{closure:Illuminate/Pipeline/Pipeline::carry():158}:159}()
#43 C:/Users/holan/OneDrive/Documentos/EV1-laravel-atomic-design/EV1-laravel/vendor/laravel/framework/src/Illuminate/Pipeline/Pipeline.php(183): Illuminate/Foundation/Http/Middleware/PreventRequestsDuringMaintenance->handle()
#44 C:/Users/holan/OneDrive/Documentos/EV1-laravel-atomic-design/EV1-laravel/vendor/laravel/framework/src/Illuminate/Pipeline/Pipeline.php(119): Illuminate/Pipeline/Pipeline->{closure:{closure:Illuminate/Pipeline/Pipeline::carry():158}:159}()
#45 C:/Users/holan/OneDrive/Documentos/EV1-laravel-atomic-design/EV1-laravel/vendor/laravel/framework/src/Illuminate/Foundation/Http/Kernel.php(175): Illuminate/Pipeline/Pipeline->then()
#46 C:/Users/holan/OneDrive/Documentos/EV1-laravel-atomic-design/EV1-laravel/vendor/laravel/framework/src/Illuminate/Foundation/Http/Kernel.php(144): Illuminate/Foundation/Http/Kernel->sendRequestThroughRouter()
#47 C:/Users/holan/OneDrive/Documentos/EV1-laravel-atomic-design/EV1-laravel/public/index.php(51): Illuminate/Foundation/Http/Kernel->handle()
#48 C:/Users/holan/OneDrive/Documentos/EV1-laravel-atomic-design/EV1-laravel/vendor/laravel/framework/src/Illuminate/Foundation/resources/server.php(16): require_once('...')
#49 {main}

[previous exception] [object] (PDOException(code: 0): could not find driver at C:/Users/holan/OneDrive/Documentos/EV1-laravel-atomic-design/EV1-laravel/vendor/laravel/framework/src/Illuminate/Database/Connectors/Connector.php:65)
[stacktrace]
#0 C:/Users/holan/OneDrive/Documentos/EV1-laravel-atomic-design/EV1-laravel/vendor/laravel/framework/src/Illuminate/Database/Connectors/Connector.php(65): PDO->__construct()
#1 C:/Users/holan/OneDrive/Documentos/EV1-laravel-atomic-design/EV1-laravel/vendor/laravel/framework/src/Illuminate/Database/Connectors/Connector.php(44): Illuminate/Database/Connectors/Connector->createPdoConnection()
#2 C:/Users/holan/OneDrive/Documentos/EV1-laravel-atomic-design/EV1-laravel/vendor/laravel/framework/src/Illuminate/Database/Connectors/MySqlConnector.php(24): Illuminate/Database/Connectors/Connector->createConnection()
#3 C:/Users/holan/OneDrive/Documentos/EV1-laravel-atomic-design/EV1-laravel/vendor/laravel/framework/src/Illuminate/Database/Connectors/ConnectionFactory.php(184): Illuminate/Database/Connectors/MySqlConnector->connect()
#4 [internal function]: Illuminate/Database/Connectors/ConnectionFactory->{closure:Illuminate/Database/Connectors/ConnectionFactory::createPdoResolverWithHosts():179}()
#5 C:/Users/holan/OneDrive/Documentos/EV1-laravel-atomic-design/EV1-laravel/vendor/laravel/framework/src/Illuminate/Database/Connection.php(1339): call_user_func()
#6 C:/Users/holan/OneDrive/Documentos/EV1-laravel-atomic-design/EV1-laravel/vendor/laravel/framework/src/Illuminate/Database/Connection.php(528): Illuminate/Database/Connection->getPdo()
#7 C:/Users/holan/OneDrive/Documentos/EV1-laravel-atomic-design/EV1-laravel/vendor/laravel/framework/src/Illuminate/Database/Connection.php(423): Illuminate/Database/Connection->getPdoForSelect()
#8 C:/Users/holan/OneDrive/Documentos/EV1-laravel-atomic-design/EV1-laravel/vendor/laravel/framework/src/Illuminate/Database/Connection.php(816): Illuminate/Database/Connection->{closure:Illuminate/Database/Connection::select():414}()
#9 C:/Users/holan/OneDrive/Documentos/EV1-laravel-atomic-design/EV1-laravel/vendor/laravel/framework/src/Illuminate/Database/Connection.php(783): Illuminate/Database/Connection->runQueryCallback()
#10 C:/Users/holan/OneDrive/Documentos/EV1-laravel-atomic-design/EV1-laravel/vendor/laravel/framework/src/Illuminate/Database/Connection.php(414): Illuminate/Database/Connection->run()
#11 C:/Users/holan/OneDrive/Documentos/EV1-laravel-atomic-design/EV1-laravel/vendor/laravel/framework/src/Illuminate/Database/Query/Builder.php(2913): Illuminate/Database/Connection->select()
#12 C:/Users/holan/OneDrive/Documentos/EV1-laravel-atomic-design/EV1-laravel/vendor/laravel/framework/src/Illuminate/Database/Query/Builder.php(2902): Illuminate/Database/Query/Builder->runSelect()
#13 C:/Users/holan/OneDrive/Documentos/EV1-laravel-atomic-design/EV1-laravel/vendor/laravel/framework/src/Illuminate/Database/Query/Builder.php(3456): Illuminate/Database/Query/Builder->{closure:Illuminate/Database/Query/Builder::get():2901}()
#14 C:/Users/holan/OneDrive/Documentos/EV1-laravel-atomic-design/EV1-laravel/vendor/laravel/framework/src/Illuminate/Database/Query/Builder.php(2901): Illuminate/Database/Query/Builder->onceWithColumns()
#15 C:/Users/holan/OneDrive/Documentos/EV1-laravel-atomic-design/EV1-laravel/vendor/laravel/framework/src/Illuminate/Database/Query/Builder.php(3383): Illuminate/Database/Query/Builder->get()
#16 C:/Users/holan/OneDrive/Documentos/EV1-laravel-atomic-design/EV1-laravel/vendor/laravel/framework/src/Illuminate/Database/Query/Builder.php(3311): Illuminate/Database/Query/Builder->aggregate()
#17 C:/Users/holan/OneDrive/Documentos/EV1-laravel-atomic-design/EV1-laravel/vendor/laravel/framework/src/Illuminate/Validation/DatabasePresenceVerifier.php(54): Illuminate/Database/Query/Builder->count()
#18 C:/Users/holan/OneDrive/Documentos/EV1-laravel-atomic-design/EV1-laravel/vendor/laravel/framework/src/Illuminate/Validation/Concerns/ValidatesAttributes.php(948): Illuminate/Validation/DatabasePresenceVerifier->getCount()
#19 C:/Users/holan/OneDrive/Documentos/EV1-laravel-atomic-design/EV1-laravel/vendor/laravel/framework/src/Illuminate/Validation/Validator.php(660): Illuminate/Validation/Validator->validateUnique()
#20 C:/Users/holan/OneDrive/Documentos/EV1-laravel-atomic-design/EV1-laravel/vendor/laravel/framework/src/Illuminate/Validation/Validator.php(459): Illuminate/Validation/Validator->validateAttribute()
#21 C:/Users/holan/OneDrive/Documentos/EV1-laravel-atomic-design/EV1-laravel/vendor/laravel/framework/src/Illuminate/Validation/Validator.php(494): Illuminate/Validation/Validator->passes()
#22 C:/Users/holan/OneDrive/Documentos/EV1-laravel-atomic-design/EV1-laravel/app/Http/Controllers/AuthController.php(44): Illuminate/Validation/Validator->fails()
#23 C:/Users/holan/OneDrive/Documentos/EV1-laravel-atomic-design/EV1-laravel/vendor/laravel/framework/src/Illuminate/Routing/ControllerDispatcher.php(46): App/Http/Controllers/AuthController->register()
#24 C:/Users/holan/OneDrive/Documentos/EV1-laravel-atomic-design/EV1-laravel/vendor/laravel/framework/src/Illuminate/Routing/Route.php(259): Illuminate/Routing/ControllerDispatcher->dispatch()
#25 C:/Users/holan/OneDrive/Documentos/EV1-laravel-atomic-design/EV1-laravel/vendor/laravel/framework/src/Illuminate/Routing/Route.php(205): Illuminate/Routing/Route->runController()
#26 C:/Users/holan/OneDrive/Documentos/EV1-laravel-atomic-design/EV1-laravel/vendor/laravel/framework/src/Illuminate/Routing/Router.php(806): Illuminate/Routing/Route->run()
#27 C:/Users/holan/OneDrive/Documentos/EV1-laravel-atomic-design/EV1-laravel/vendor/laravel/framework/src/Illuminate/Pipeline/Pipeline.php(144): Illuminate/Routing/Router->{closure:Illuminate/Routing/Router::runRouteWithinStack():805}()
#28 C:/Users/holan/OneDrive/Documentos/EV1-laravel-atomic-design/EV1-laravel/vendor/laravel/framework/src/Illuminate/Routing/Middleware/SubstituteBindings.php(50): Illuminate/Pipeline/Pipeline->{closure:Illuminate/Pipeline/Pipeline::prepareDestination():142}()
#29 C:/Users/holan/OneDrive/Documentos/EV1-laravel-atomic-design/EV1-laravel/vendor/laravel/framework/src/Illuminate/Pipeline/Pipeline.php(183): Illuminate/Routing/Middleware/SubstituteBindings->handle()
#30 C:/Users/holan/OneDrive/Documentos/EV1-laravel-atomic-design/EV1-laravel/vendor/laravel/framework/src/Illuminate/View/Middleware/ShareErrorsFromSession.php(49): Illuminate/Pipeline/Pipeline->{closure:{closure:Illuminate/Pipeline/Pipeline::carry():158}:159}()
#31 C:/Users/holan/OneDrive/Documentos/EV1-laravel-atomic-design/EV1-laravel/vendor/laravel/framework/src/Illuminate/Pipeline/Pipeline.php(183): Illuminate/View/Middleware/ShareErrorsFromSession->handle()
#32 C:/Users/holan/OneDrive/Documentos/EV1-laravel-atomic-design/EV1-laravel/vendor/laravel/framework/src/Illuminate/Session/Middleware/StartSession.php(121): Illuminate/Pipeline/Pipeline->{closure:{closure:Illuminate/Pipeline/Pipeline::carry():158}:159}()
#33 C:/Users/holan/OneDrive/Documentos/EV1-laravel-atomic-design/EV1-laravel/vendor/laravel/framework/src/Illuminate/Session/Middleware/StartSession.php(64): Illuminate/Session/Middleware/StartSession->handleStatefulRequest()
#34 C:/Users/holan/OneDrive/Documentos/EV1-laravel-atomic-design/EV1-laravel/vendor/laravel/framework/src/Illuminate/Pipeline/Pipeline.php(183): Illuminate/Session/Middleware/StartSession->handle()
#35 C:/Users/holan/OneDrive/Documentos/EV1-laravel-atomic-design/EV1-laravel/vendor/laravel/framework/src/Illuminate/Cookie/Middleware/AddQueuedCookiesToResponse.php(37): Illuminate/Pipeline/Pipeline->{closure:{closure:Illuminate/Pipeline/Pipeline::carry():158}:159}()
#36 C:/Users/holan/OneDrive/Documentos/EV1-laravel-atomic-design/EV1-laravel/vendor/laravel/framework/src/Illuminate/Pipeline/Pipeline.php(183): Illuminate/Cookie/Middleware/AddQueuedCookiesToResponse->handle()
#37 C:/Users/holan/OneDrive/Documentos/EV1-laravel-atomic-design/EV1-laravel/vendor/laravel/framework/src/Illuminate/Cookie/Middleware/EncryptCookies.php(67): Illuminate/Pipeline/Pipeline->{closure:{closure:Illuminate/Pipeline/Pipeline::carry():158}:159}()
#38 C:/Users/holan/OneDrive/Documentos/EV1-laravel-atomic-design/EV1-laravel/vendor/laravel/framework/src/Illuminate/Pipeline/Pipeline.php(183): Illuminate/Cookie/Middleware/EncryptCookies->handle()
#39 C:/Users/holan/OneDrive/Documentos/EV1-laravel-atomic-design/EV1-laravel/vendor/laravel/framework/src/Illuminate/Pipeline/Pipeline.php(119): Illuminate/Pipeline/Pipeline->{closure:{closure:Illuminate/Pipeline/Pipeline::carry():158}:159}()
#40 C:/Users/holan/OneDrive/Documentos/EV1-laravel-atomic-design/EV1-laravel/vendor/laravel/framework/src/Illuminate/Routing/Router.php(805): Illuminate/Pipeline/Pipeline->then()
#41 C:/Users/holan/OneDrive/Documentos/EV1-laravel-atomic-design/EV1-laravel/vendor/laravel/framework/src/Illuminate/Routing/Router.php(784): Illuminate/Routing/Router->runRouteWithinStack()
#42 C:/Users/holan/OneDrive/Documentos/EV1-laravel-atomic-design/EV1-laravel/vendor/laravel/framework/src/Illuminate/Routing/Router.php(748): Illuminate/Routing/Router->runRoute()
#43 C:/Users/holan/OneDrive/Documentos/EV1-laravel-atomic-design/EV1-laravel/vendor/laravel/framework/src/Illuminate/Routing/Router.php(737): Illuminate/Routing/Router->dispatchToRoute()
#44 C:/Users/holan/OneDrive/Documentos/EV1-laravel-atomic-design/EV1-laravel/vendor/laravel/framework/src/Illuminate/Foundation/Http/Kernel.php(200): Illuminate/Routing/Router->dispatch()
#45 C:/Users/holan/OneDrive/Documentos/EV1-laravel-atomic-design/EV1-laravel/vendor/laravel/framework/src/Illuminate/Pipeline/Pipeline.php(144): Illuminate/Foundation/Http/Kernel->{closure:Illuminate/Foundation/Http/Kernel::dispatchToRouter():197}()
#46 C:/Users/holan/OneDrive/Documentos/EV1-laravel-atomic-design/EV1-laravel/vendor/laravel/framework/src/Illuminate/Foundation/Http/Middleware/TransformsRequest.php(21): Illuminate/Pipeline/Pipeline->{closure:Illuminate/Pipeline/Pipeline::prepareDestination():142}()
#47 C:/Users/holan/OneDrive/Documentos/EV1-laravel-atomic-design/EV1-laravel/vendor/laravel/framework/src/Illuminate/Foundation/Http/Middleware/ConvertEmptyStringsToNull.php(31): Illuminate/Foundation/Http/Middleware/TransformsRequest->handle()
#48 C:/Users/holan/OneDrive/Documentos/EV1-laravel-atomic-design/EV1-laravel/vendor/laravel/framework/src/Illuminate/Pipeline/Pipeline.php(183): Illuminate/Foundation/Http/Middleware/ConvertEmptyStringsToNull->handle()
#49 C:/Users/holan/OneDrive/Documentos/EV1-laravel-atomic-design/EV1-laravel/vendor/laravel/framework/src/Illuminate/Foundation/Http/Middleware/ValidatePostSize.php(27): Illuminate/Pipeline/Pipeline->{closure:{closure:Illuminate/Pipeline/Pipeline::carry():158}:159}()
#50 C:/Users/holan/OneDrive/Documentos/EV1-laravel-atomic-design/EV1-laravel/vendor/laravel/framework/src/Illuminate/Pipeline/Pipeline.php(183): Illuminate/Foundation/Http/Middleware/ValidatePostSize->handle()
#51 C:/Users/holan/OneDrive/Documentos/EV1-laravel-atomic-design/EV1-laravel/vendor/laravel/framework/src/Illuminate/Foundation/Http/Middleware/PreventRequestsDuringMaintenance.php(99): Illuminate/Pipeline/Pipeline->{closure:{closure:Illuminate/Pipeline/Pipeline::carry():158}:159}()
#52 C:/Users/holan/OneDrive/Documentos/EV1-laravel-atomic-design/EV1-laravel/vendor/laravel/framework/src/Illuminate/Pipeline/Pipeline.php(183): Illuminate/Foundation/Http/Middleware/PreventRequestsDuringMaintenance->handle()
#53 C:/Users/holan/OneDrive/Documentos/EV1-laravel-atomic-design/EV1-laravel/vendor/laravel/framework/src/Illuminate/Pipeline/Pipeline.php(119): Illuminate/Pipeline/Pipeline->{closure:{closure:Illuminate/Pipeline/Pipeline::carry():158}:159}()
#54 C:/Users/holan/OneDrive/Documentos/EV1-laravel-atomic-design/EV1-laravel/vendor/laravel/framework/src/Illuminate/Foundation/Http/Kernel.php(175): Illuminate/Pipeline/Pipeline->then()
#55 C:/Users/holan/OneDrive/Documentos/EV1-laravel-atomic-design/EV1-laravel/vendor/laravel/framework/src/Illuminate/Foundation/Http/Kernel.php(144): Illuminate/Foundation/Http/Kernel->sendRequestThroughRouter()
#56 C:/Users/holan/OneDrive/Documentos/EV1-laravel-atomic-design/EV1-laravel/public/index.php(51): Illuminate/Foundation/Http/Kernel->handle()
#57 C:/Users/holan/OneDrive/Documentos/EV1-laravel-atomic-design/EV1-laravel/vendor/laravel/framework/src/Illuminate/Foundation/resources/server.php(16): require_once('...')
#58 {main}
"} 
[2026-08-13 13:00:19] local.ERROR: could not find driver (Connection: mysql, SQL: select count(*) as aggregate from `usuarios` where `correo` = juan@gmail.com) {"exception":"[object] (Illuminate\\Database\\QueryException(code: 0): could not find driver (Connection: mysql, SQL: select count(*) as aggregate from `usuarios` where `correo` = juan@gmail.com) at C:/Users/holan/OneDrive/Documentos/EV1-laravel-atomic-design/EV1-laravel/vendor/laravel/framework/src/Illuminate/Database/Connection.php:829)
[stacktrace]
#0 C:/Users/holan/OneDrive/Documentos/EV1-laravel-atomic-design/EV1-laravel/vendor/laravel/framework/src/Illuminate/Database/Connection.php(783): Illuminate/Database/Connection->runQueryCallback()
#1 C:/Users/holan/OneDrive/Documentos/EV1-laravel-atomic-design/EV1-laravel/vendor/laravel/framework/src/Illuminate/Database/Connection.php(414): Illuminate/Database/Connection->run()
#2 C:/Users/holan/OneDrive/Documentos/EV1-laravel-atomic-design/EV1-laravel/vendor/laravel/framework/src/Illuminate/Database/Query/Builder.php(2913): Illuminate/Database/Connection->select()
#3 C:/Users/holan/OneDrive/Documentos/EV1-laravel-atomic-design/EV1-laravel/vendor/laravel/framework/src/Illuminate/Database/Query/Builder.php(2902): Illuminate/Database/Query/Builder->runSelect()
#4 C:/Users/holan/OneDrive/Documentos/EV1-laravel-atomic-design/EV1-laravel/vendor/laravel/framework/src/Illuminate/Database/Query/Builder.php(3456): Illuminate/Database/Query/Builder->{closure:Illuminate/Database/Query/Builder::get():2901}()
#5 C:/Users/holan/OneDrive/Documentos/EV1-laravel-atomic-design/EV1-laravel/vendor/laravel/framework/src/Illuminate/Database/Query/Builder.php(2901): Illuminate/Database/Query/Builder->onceWithColumns()
#6 C:/Users/holan/OneDrive/Documentos/EV1-laravel-atomic-design/EV1-laravel/vendor/laravel/framework/src/Illuminate/Database/Query/Builder.php(3383): Illuminate/Database/Query/Builder->get()
#7 C:/Users/holan/OneDrive/Documentos/EV1-laravel-atomic-design/EV1-laravel/vendor/laravel/framework/src/Illuminate/Database/Query/Builder.php(3311): Illuminate/Database/Query/Builder->aggregate()
#8 C:/Users/holan/OneDrive/Documentos/EV1-laravel-atomic-design/EV1-laravel/vendor/laravel/framework/src/Illuminate/Validation/DatabasePresenceVerifier.php(54): Illuminate/Database/Query/Builder->count()
#9 C:/Users/holan/OneDrive/Documentos/EV1-laravel-atomic-design/EV1-laravel/vendor/laravel/framework/src/Illuminate/Validation/Concerns/ValidatesAttributes.php(948): Illuminate/Validation/DatabasePresenceVerifier->getCount()
#10 C:/Users/holan/OneDrive/Documentos/EV1-laravel-atomic-design/EV1-laravel/vendor/laravel/framework/src/Illuminate/Validation/Validator.php(660): Illuminate/Validation/Validator->validateUnique()
#11 C:/Users/holan/OneDrive/Documentos/EV1-laravel-atomic-design/EV1-laravel/vendor/laravel/framework/src/Illuminate/Validation/Validator.php(459): Illuminate/Validation/Validator->validateAttribute()
#12 C:/Users/holan/OneDrive/Documentos/EV1-laravel-atomic-design/EV1-laravel/vendor/laravel/framework/src/Illuminate/Validation/Validator.php(494): Illuminate/Validation/Validator->passes()
#13 C:/Users/holan/OneDrive/Documentos/EV1-laravel-atomic-design/EV1-laravel/app/Http/Controllers/AuthController.php(44): Illuminate/Validation/Validator->fails()
#14 C:/Users/holan/OneDrive/Documentos/EV1-laravel-atomic-design/EV1-laravel/vendor/laravel/framework/src/Illuminate/Routing/ControllerDispatcher.php(46): App/Http/Controllers/AuthController->register()
#15 C:/Users/holan/OneDrive/Documentos/EV1-laravel-atomic-design/EV1-laravel/vendor/laravel/framework/src/Illuminate/Routing/Route.php(259): Illuminate/Routing/ControllerDispatcher->dispatch()
#16 C:/Users/holan/OneDrive/Documentos/EV1-laravel-atomic-design/EV1-laravel/vendor/laravel/framework/src/Illuminate/Routing/Route.php(205): Illuminate/Routing/Route->runController()
#17 C:/Users/holan/OneDrive/Documentos/EV1-laravel-atomic-design/EV1-laravel/vendor/laravel/framework/src/Illuminate/Routing/Router.php(806): Illuminate/Routing/Route->run()
#18 C:/Users/holan/OneDrive/Documentos/EV1-laravel-atomic-design/EV1-laravel/vendor/laravel/framework/src/Illuminate/Pipeline/Pipeline.php(144): Illuminate/Routing/Router->{closure:Illuminate/Routing/Router::runRouteWithinStack():805}()
#19 C:/Users/holan/OneDrive/Documentos/EV1-laravel-atomic-design/EV1-laravel/vendor/laravel/framework/src/Illuminate/Routing/Middleware/SubstituteBindings.php(50): Illuminate/Pipeline/Pipeline->{closure:Illuminate/Pipeline/Pipeline::prepareDestination():142}()
#20 C:/Users/holan/OneDrive/Documentos/EV1-laravel-atomic-design/EV1-laravel/vendor/laravel/framework/src/Illuminate/Pipeline/Pipeline.php(183): Illuminate/Routing/Middleware/SubstituteBindings->handle()
#21 C:/Users/holan/OneDrive/Documentos/EV1-laravel-atomic-design/EV1-laravel/vendor/laravel/framework/src/Illuminate/View/Middleware/ShareErrorsFromSession.php(49): Illuminate/Pipeline/Pipeline->{closure:{closure:Illuminate/Pipeline/Pipeline::carry():158}:159}()
#22 C:/Users/holan/OneDrive/Documentos/EV1-laravel-atomic-design/EV1-laravel/vendor/laravel/framework/src/Illuminate/Pipeline/Pipeline.php(183): Illuminate/View/Middleware/ShareErrorsFromSession->handle()
#23 C:/Users/holan/OneDrive/Documentos/EV1-laravel-atomic-design/EV1-laravel/vendor/laravel/framework/src/Illuminate/Session/Middleware/StartSession.php(121): Illuminate/Pipeline/Pipeline->{closure:{closure:Illuminate/Pipeline/Pipeline::carry():158}:159}()
#24 C:/Users/holan/OneDrive/Documentos/EV1-laravel-atomic-design/EV1-laravel/vendor/laravel/framework/src/Illuminate/Session/Middleware/StartSession.php(64): Illuminate/Session/Middleware/StartSession->handleStatefulRequest()
#25 C:/Users/holan/OneDrive/Documentos/EV1-laravel-atomic-design/EV1-laravel/vendor/laravel/framework/src/Illuminate/Pipeline/Pipeline.php(183): Illuminate/Session/Middleware/StartSession->handle()
#26 C:/Users/holan/OneDrive/Documentos/EV1-laravel-atomic-design/EV1-laravel/vendor/laravel/framework/src/Illuminate/Cookie/Middleware/AddQueuedCookiesToResponse.php(37): Illuminate/Pipeline/Pipeline->{closure:{closure:Illuminate/Pipeline/Pipeline::carry():158}:159}()
#27 C:/Users/holan/OneDrive/Documentos/EV1-laravel-atomic-design/EV1-laravel/vendor/laravel/framework/src/Illuminate/Pipeline/Pipeline.php(183): Illuminate/Cookie/Middleware/AddQueuedCookiesToResponse->handle()
#28 C:/Users/holan/OneDrive/Documentos/EV1-laravel-atomic-design/EV1-laravel/vendor/laravel/framework/src/Illuminate/Cookie/Middleware/EncryptCookies.php(67): Illuminate/Pipeline/Pipeline->{closure:{closure:Illuminate/Pipeline/Pipeline::carry():158}:159}()
#29 C:/Users/holan/OneDrive/Documentos/EV1-laravel-atomic-design/EV1-laravel/vendor/laravel/framework/src/Illuminate/Pipeline/Pipeline.php(183): Illuminate/Cookie/Middleware/EncryptCookies->handle()
#30 C:/Users/holan/OneDrive/Documentos/EV1-laravel-atomic-design/EV1-laravel/vendor/laravel/framework/src/Illuminate/Pipeline/Pipeline.php(119): Illuminate/Pipeline/Pipeline->{closure:{closure:Illuminate/Pipeline/Pipeline::carry():158}:159}()
#31 C:/Users/holan/OneDrive/Documentos/EV1-laravel-atomic-design/EV1-laravel/vendor/laravel/framework/src/Illuminate/Routing/Router.php(805): Illuminate/Pipeline/Pipeline->then()
#32 C:/Users/holan/OneDrive/Documentos/EV1-laravel-atomic-design/EV1-laravel/vendor/laravel/framework/src/Illuminate/Routing/Router.php(784): Illuminate/Routing/Router->runRouteWithinStack()
#33 C:/Users/holan/OneDrive/Documentos/EV1-laravel-atomic-design/EV1-laravel/vendor/laravel/framework/src/Illuminate/Routing/Router.php(748): Illuminate/Routing/Router->runRoute()
#34 C:/Users/holan/OneDrive/Documentos/EV1-laravel-atomic-design/EV1-laravel/vendor/laravel/framework/src/Illuminate/Routing/Router.php(737): Illuminate/Routing/Router->dispatchToRoute()
#35 C:/Users/holan/OneDrive/Documentos/EV1-laravel-atomic-design/EV1-laravel/vendor/laravel/framework/src/Illuminate/Foundation/Http/Kernel.php(200): Illuminate/Routing/Router->dispatch()
#36 C:/Users/holan/OneDrive/Documentos/EV1-laravel-atomic-design/EV1-laravel/vendor/laravel/framework/src/Illuminate/Pipeline/Pipeline.php(144): Illuminate/Foundation/Http/Kernel->{closure:Illuminate/Foundation/Http/Kernel::dispatchToRouter():197}()
#37 C:/Users/holan/OneDrive/Documentos/EV1-laravel-atomic-design/EV1-laravel/vendor/laravel/framework/src/Illuminate/Foundation/Http/Middleware/TransformsRequest.php(21): Illuminate/Pipeline/Pipeline->{closure:Illuminate/Pipeline/Pipeline::prepareDestination():142}()
#38 C:/Users/holan/OneDrive/Documentos/EV1-laravel-atomic-design/EV1-laravel/vendor/laravel/framework/src/Illuminate/Foundation/Http/Middleware/ConvertEmptyStringsToNull.php(31): Illuminate/Foundation/Http/Middleware/TransformsRequest->handle()
#39 C:/Users/holan/OneDrive/Documentos/EV1-laravel-atomic-design/EV1-laravel/vendor/laravel/framework/src/Illuminate/Pipeline/Pipeline.php(183): Illuminate/Foundation/Http/Middleware/ConvertEmptyStringsToNull->handle()
#40 C:/Users/holan/OneDrive/Documentos/EV1-laravel-atomic-design/EV1-laravel/vendor/laravel/framework/src/Illuminate/Foundation/Http/Middleware/ValidatePostSize.php(27): Illuminate/Pipeline/Pipeline->{closure:{closure:Illuminate/Pipeline/Pipeline::carry():158}:159}()
#41 C:/Users/holan/OneDrive/Documentos/EV1-laravel-atomic-design/EV1-laravel/vendor/laravel/framework/src/Illuminate/Pipeline/Pipeline.php(183): Illuminate/Foundation/Http/Middleware/ValidatePostSize->handle()
#42 C:/Users/holan/OneDrive/Documentos/EV1-laravel-atomic-design/EV1-laravel/vendor/laravel/framework/src/Illuminate/Foundation/Http/Middleware/PreventRequestsDuringMaintenance.php(99): Illuminate/Pipeline/Pipeline->{closure:{closure:Illuminate/Pipeline/Pipeline::carry():158}:159}()
#43 C:/Users/holan/OneDrive/Documentos/EV1-laravel-atomic-design/EV1-laravel/vendor/laravel/framework/src/Illuminate/Pipeline/Pipeline.php(183): Illuminate/Foundation/Http/Middleware/PreventRequestsDuringMaintenance->handle()
#44 C:/Users/holan/OneDrive/Documentos/EV1-laravel-atomic-design/EV1-laravel/vendor/laravel/framework/src/Illuminate/Pipeline/Pipeline.php(119): Illuminate/Pipeline/Pipeline->{closure:{closure:Illuminate/Pipeline/Pipeline::carry():158}:159}()
#45 C:/Users/holan/OneDrive/Documentos/EV1-laravel-atomic-design/EV1-laravel/vendor/laravel/framework/src/Illuminate/Foundation/Http/Kernel.php(175): Illuminate/Pipeline/Pipeline->then()
#46 C:/Users/holan/OneDrive/Documentos/EV1-laravel-atomic-design/EV1-laravel/vendor/laravel/framework/src/Illuminate/Foundation/Http/Kernel.php(144): Illuminate/Foundation/Http/Kernel->sendRequestThroughRouter()
#47 C:/Users/holan/OneDrive/Documentos/EV1-laravel-atomic-design/EV1-laravel/public/index.php(51): Illuminate/Foundation/Http/Kernel->handle()
#48 C:/Users/holan/OneDrive/Documentos/EV1-laravel-atomic-design/EV1-laravel/vendor/laravel/framework/src/Illuminate/Foundation/resources/server.php(16): require_once('...')
#49 {main}

[previous exception] [object] (PDOException(code: 0): could not find driver at C:/Users/holan/OneDrive/Documentos/EV1-laravel-atomic-design/EV1-laravel/vendor/laravel/framework/src/Illuminate/Database/Connectors/Connector.php:65)
[stacktrace]
#0 C:/Users/holan/OneDrive/Documentos/EV1-laravel-atomic-design/EV1-laravel/vendor/laravel/framework/src/Illuminate/Database/Connectors/Connector.php(65): PDO->__construct()
#1 C:/Users/holan/OneDrive/Documentos/EV1-laravel-atomic-design/EV1-laravel/vendor/laravel/framework/src/Illuminate/Database/Connectors/Connector.php(44): Illuminate/Database/Connectors/Connector->createPdoConnection()
#2 C:/Users/holan/OneDrive/Documentos/EV1-laravel-atomic-design/EV1-laravel/vendor/laravel/framework/src/Illuminate/Database/Connectors/MySqlConnector.php(24): Illuminate/Database/Connectors/Connector->createConnection()
#3 C:/Users/holan/OneDrive/Documentos/EV1-laravel-atomic-design/EV1-laravel/vendor/laravel/framework/src/Illuminate/Database/Connectors/ConnectionFactory.php(184): Illuminate/Database/Connectors/MySqlConnector->connect()
#4 [internal function]: Illuminate/Database/Connectors/ConnectionFactory->{closure:Illuminate/Database/Connectors/ConnectionFactory::createPdoResolverWithHosts():179}()
#5 C:/Users/holan/OneDrive/Documentos/EV1-laravel-atomic-design/EV1-laravel/vendor/laravel/framework/src/Illuminate/Database/Connection.php(1339): call_user_func()
#6 C:/Users/holan/OneDrive/Documentos/EV1-laravel-atomic-design/EV1-laravel/vendor/laravel/framework/src/Illuminate/Database/Connection.php(528): Illuminate/Database/Connection->getPdo()
#7 C:/Users/holan/OneDrive/Documentos/EV1-laravel-atomic-design/EV1-laravel/vendor/laravel/framework/src/Illuminate/Database/Connection.php(423): Illuminate/Database/Connection->getPdoForSelect()
#8 C:/Users/holan/OneDrive/Documentos/EV1-laravel-atomic-design/EV1-laravel/vendor/laravel/framework/src/Illuminate/Database/Connection.php(816): Illuminate/Database/Connection->{closure:Illuminate/Database/Connection::select():414}()
#9 C:/Users/holan/OneDrive/Documentos/EV1-laravel-atomic-design/EV1-laravel/vendor/laravel/framework/src/Illuminate/Database/Connection.php(783): Illuminate/Database/Connection->runQueryCallback()
#10 C:/Users/holan/OneDrive/Documentos/EV1-laravel-atomic-design/EV1-laravel/vendor/laravel/framework/src/Illuminate/Database/Connection.php(414): Illuminate/Database/Connection->run()
#11 C:/Users/holan/OneDrive/Documentos/EV1-laravel-atomic-design/EV1-laravel/vendor/laravel/framework/src/Illuminate/Database/Query/Builder.php(2913): Illuminate/Database/Connection->select()
#12 C:/Users/holan/OneDrive/Documentos/EV1-laravel-atomic-design/EV1-laravel/vendor/laravel/framework/src/Illuminate/Database/Query/Builder.php(2902): Illuminate/Database/Query/Builder->runSelect()
#13 C:/Users/holan/OneDrive/Documentos/EV1-laravel-atomic-design/EV1-laravel/vendor/laravel/framework/src/Illuminate/Database/Query/Builder.php(3456): Illuminate/Database/Query/Builder->{closure:Illuminate/Database/Query/Builder::get():2901}()
#14 C:/Users/holan/OneDrive/Documentos/EV1-laravel-atomic-design/EV1-laravel/vendor/laravel/framework/src/Illuminate/Database/Query/Builder.php(2901): Illuminate/Database/Query/Builder->onceWithColumns()
#15 C:/Users/holan/OneDrive/Documentos/EV1-laravel-atomic-design/EV1-laravel/vendor/laravel/framework/src/Illuminate/Database/Query/Builder.php(3383): Illuminate/Database/Query/Builder->get()
#16 C:/Users/holan/OneDrive/Documentos/EV1-laravel-atomic-design/EV1-laravel/vendor/laravel/framework/src/Illuminate/Database/Query/Builder.php(3311): Illuminate/Database/Query/Builder->aggregate()
#17 C:/Users/holan/OneDrive/Documentos/EV1-laravel-atomic-design/EV1-laravel/vendor/laravel/framework/src/Illuminate/Validation/DatabasePresenceVerifier.php(54): Illuminate/Database/Query/Builder->count()
#18 C:/Users/holan/OneDrive/Documentos/EV1-laravel-atomic-design/EV1-laravel/vendor/laravel/framework/src/Illuminate/Validation/Concerns/ValidatesAttributes.php(948): Illuminate/Validation/DatabasePresenceVerifier->getCount()
#19 C:/Users/holan/OneDrive/Documentos/EV1-laravel-atomic-design/EV1-laravel/vendor/laravel/framework/src/Illuminate/Validation/Validator.php(660): Illuminate/Validation/Validator->validateUnique()
#20 C:/Users/holan/OneDrive/Documentos/EV1-laravel-atomic-design/EV1-laravel/vendor/laravel/framework/src/Illuminate/Validation/Validator.php(459): Illuminate/Validation/Validator->validateAttribute()
#21 C:/Users/holan/OneDrive/Documentos/EV1-laravel-atomic-design/EV1-laravel/vendor/laravel/framework/src/Illuminate/Validation/Validator.php(494): Illuminate/Validation/Validator->passes()
#22 C:/Users/holan/OneDrive/Documentos/EV1-laravel-atomic-design/EV1-laravel/app/Http/Controllers/AuthController.php(44): Illuminate/Validation/Validator->fails()
#23 C:/Users/holan/OneDrive/Documentos/EV1-laravel-atomic-design/EV1-laravel/vendor/laravel/framework/src/Illuminate/Routing/ControllerDispatcher.php(46): App/Http/Controllers/AuthController->register()
#24 C:/Users/holan/OneDrive/Documentos/EV1-laravel-atomic-design/EV1-laravel/vendor/laravel/framework/src/Illuminate/Routing/Route.php(259): Illuminate/Routing/ControllerDispatcher->dispatch()
#25 C:/Users/holan/OneDrive/Documentos/EV1-laravel-atomic-design/EV1-laravel/vendor/laravel/framework/src/Illuminate/Routing/Route.php(205): Illuminate/Routing/Route->runController()
#26 C:/Users/holan/OneDrive/Documentos/EV1-laravel-atomic-design/EV1-laravel/vendor/laravel/framework/src/Illuminate/Routing/Router.php(806): Illuminate/Routing/Route->run()
#27 C:/Users/holan/OneDrive/Documentos/EV1-laravel-atomic-design/EV1-laravel/vendor/laravel/framework/src/Illuminate/Pipeline/Pipeline.php(144): Illuminate/Routing/Router->{closure:Illuminate/Routing/Router::runRouteWithinStack():805}()
#28 C:/Users/holan/OneDrive/Documentos/EV1-laravel-atomic-design/EV1-laravel/vendor/laravel/framework/src/Illuminate/Routing/Middleware/SubstituteBindings.php(50): Illuminate/Pipeline/Pipeline->{closure:Illuminate/Pipeline/Pipeline::prepareDestination():142}()
#29 C:/Users/holan/OneDrive/Documentos/EV1-laravel-atomic-design/EV1-laravel/vendor/laravel/framework/src/Illuminate/Pipeline/Pipeline.php(183): Illuminate/Routing/Middleware/SubstituteBindings->handle()
#30 C:/Users/holan/OneDrive/Documentos/EV1-laravel-atomic-design/EV1-laravel/vendor/laravel/framework/src/Illuminate/View/Middleware/ShareErrorsFromSession.php(49): Illuminate/Pipeline/Pipeline->{closure:{closure:Illuminate/Pipeline/Pipeline::carry():158}:159}()
#31 C:/Users/holan/OneDrive/Documentos/EV1-laravel-atomic-design/EV1-laravel/vendor/laravel/framework/src/Illuminate/Pipeline/Pipeline.php(183): Illuminate/View/Middleware/ShareErrorsFromSession->handle()
#32 C:/Users/holan/OneDrive/Documentos/EV1-laravel-atomic-design/EV1-laravel/vendor/laravel/framework/src/Illuminate/Session/Middleware/StartSession.php(121): Illuminate/Pipeline/Pipeline->{closure:{closure:Illuminate/Pipeline/Pipeline::carry():158}:159}()
#33 C:/Users/holan/OneDrive/Documentos/EV1-laravel-atomic-design/EV1-laravel/vendor/laravel/framework/src/Illuminate/Session/Middleware/StartSession.php(64): Illuminate/Session/Middleware/StartSession->handleStatefulRequest()
#34 C:/Users/holan/OneDrive/Documentos/EV1-laravel-atomic-design/EV1-laravel/vendor/laravel/framework/src/Illuminate/Pipeline/Pipeline.php(183): Illuminate/Session/Middleware/StartSession->handle()
#35 C:/Users/holan/OneDrive/Documentos/EV1-laravel-atomic-design/EV1-laravel/vendor/laravel/framework/src/Illuminate/Cookie/Middleware/AddQueuedCookiesToResponse.php(37): Illuminate/Pipeline/Pipeline->{closure:{closure:Illuminate/Pipeline/Pipeline::carry():158}:159}()
#36 C:/Users/holan/OneDrive/Documentos/EV1-laravel-atomic-design/EV1-laravel/vendor/laravel/framework/src/Illuminate/Pipeline/Pipeline.php(183): Illuminate/Cookie/Middleware/AddQueuedCookiesToResponse->handle()
#37 C:/Users/holan/OneDrive/Documentos/EV1-laravel-atomic-design/EV1-laravel/vendor/laravel/framework/src/Illuminate/Cookie/Middleware/EncryptCookies.php(67): Illuminate/Pipeline/Pipeline->{closure:{closure:Illuminate/Pipeline/Pipeline::carry():158}:159}()
#38 C:/Users/holan/OneDrive/Documentos/EV1-laravel-atomic-design/EV1-laravel/vendor/laravel/framework/src/Illuminate/Pipeline/Pipeline.php(183): Illuminate/Cookie/Middleware/EncryptCookies->handle()
#39 C:/Users/holan/OneDrive/Documentos/EV1-laravel-atomic-design/EV1-laravel/vendor/laravel/framework/src/Illuminate/Pipeline/Pipeline.php(119): Illuminate/Pipeline/Pipeline->{closure:{closure:Illuminate/Pipeline/Pipeline::carry():158}:159}()
#40 C:/Users/holan/OneDrive/Documentos/EV1-laravel-atomic-design/EV1-laravel/vendor/laravel/framework/src/Illuminate/Routing/Router.php(805): Illuminate/Pipeline/Pipeline->then()
#41 C:/Users/holan/OneDrive/Documentos/EV1-laravel-atomic-design/EV1-laravel/vendor/laravel/framework/src/Illuminate/Routing/Router.php(784): Illuminate/Routing/Router->runRouteWithinStack()
#42 C:/Users/holan/OneDrive/Documentos/EV1-laravel-atomic-design/EV1-laravel/vendor/laravel/framework/src/Illuminate/Routing/Router.php(748): Illuminate/Routing/Router->runRoute()
#43 C:/Users/holan/OneDrive/Documentos/EV1-laravel-atomic-design/EV1-laravel/vendor/laravel/framework/src/Illuminate/Routing/Router.php(737): Illuminate/Routing/Router->dispatchToRoute()
#44 C:/Users/holan/OneDrive/Documentos/EV1-laravel-atomic-design/EV1-laravel/vendor/laravel/framework/src/Illuminate/Foundation/Http/Kernel.php(200): Illuminate/Routing/Router->dispatch()
#45 C:/Users/holan/OneDrive/Documentos/EV1-laravel-atomic-design/EV1-laravel/vendor/laravel/framework/src/Illuminate/Pipeline/Pipeline.php(144): Illuminate/Foundation/Http/Kernel->{closure:Illuminate/Foundation/Http/Kernel::dispatchToRouter():197}()
#46 C:/Users/holan/OneDrive/Documentos/EV1-laravel-atomic-design/EV1-laravel/vendor/laravel/framework/src/Illuminate/Foundation/Http/Middleware/TransformsRequest.php(21): Illuminate/Pipeline/Pipeline->{closure:Illuminate/Pipeline/Pipeline::prepareDestination():142}()
#47 C:/Users/holan/OneDrive/Documentos/EV1-laravel-atomic-design/EV1-laravel/vendor/laravel/framework/src/Illuminate/Foundation/Http/Middleware/ConvertEmptyStringsToNull.php(31): Illuminate/Foundation/Http/Middleware/TransformsRequest->handle()
#48 C:/Users/holan/OneDrive/Documentos/EV1-laravel-atomic-design/EV1-laravel/vendor/laravel/framework/src/Illuminate/Pipeline/Pipeline.php(183): Illuminate/Foundation/Http/Middleware/ConvertEmptyStringsToNull->handle()
#49 C:/Users/holan/OneDrive/Documentos/EV1-laravel-atomic-design/EV1-laravel/vendor/laravel/framework/src/Illuminate/Foundation/Http/Middleware/ValidatePostSize.php(27): Illuminate/Pipeline/Pipeline->{closure:{closure:Illuminate/Pipeline/Pipeline::carry():158}:159}()
#50 C:/Users/holan/OneDrive/Documentos/EV1-laravel-atomic-design/EV1-laravel/vendor/laravel/framework/src/Illuminate/Pipeline/Pipeline.php(183): Illuminate/Foundation/Http/Middleware/ValidatePostSize->handle()
#51 C:/Users/holan/OneDrive/Documentos/EV1-laravel-atomic-design/EV1-laravel/vendor/laravel/framework/src/Illuminate/Foundation/Http/Middleware/PreventRequestsDuringMaintenance.php(99): Illuminate/Pipeline/Pipeline->{closure:{closure:Illuminate/Pipeline/Pipeline::carry():158}:159}()
#52 C:/Users/holan/OneDrive/Documentos/EV1-laravel-atomic-design/EV1-laravel/vendor/laravel/framework/src/Illuminate/Pipeline/Pipeline.php(183): Illuminate/Foundation/Http/Middleware/PreventRequestsDuringMaintenance->handle()
#53 C:/Users/holan/OneDrive/Documentos/EV1-laravel-atomic-design/EV1-laravel/vendor/laravel/framework/src/Illuminate/Pipeline/Pipeline.php(119): Illuminate/Pipeline/Pipeline->{closure:{closure:Illuminate/Pipeline/Pipeline::carry():158}:159}()
#54 C:/Users/holan/OneDrive/Documentos/EV1-laravel-atomic-design/EV1-laravel/vendor/laravel/framework/src/Illuminate/Foundation/Http/Kernel.php(175): Illuminate/Pipeline/Pipeline->then()
#55 C:/Users/holan/OneDrive/Documentos/EV1-laravel-atomic-design/EV1-laravel/vendor/laravel/framework/src/Illuminate/Foundation/Http/Kernel.php(144): Illuminate/Foundation/Http/Kernel->sendRequestThroughRouter()
#56 C:/Users/holan/OneDrive/Documentos/EV1-laravel-atomic-design/EV1-laravel/public/index.php(51): Illuminate/Foundation/Http/Kernel->handle()
#57 C:/Users/holan/OneDrive/Documentos/EV1-laravel-atomic-design/EV1-laravel/vendor/laravel/framework/src/Illuminate/Foundation/resources/server.php(16): require_once('...')
#58 {main}
"} 
[2026-08-13 13:07:02] local.ERROR: could not find driver (Connection: mysql, SQL: select * from `usuarios` where `correo` = juan@gmail.com limit 1) {"exception":"[object] (Illuminate\\Database\\QueryException(code: 0): could not find driver (Connection: mysql, SQL: select * from `usuarios` where `correo` = juan@gmail.com limit 1) at C:/Users/holan/OneDrive/Documentos/EV1-laravel-atomic-design/EV1-laravel/vendor/laravel/framework/src/Illuminate/Database/Connection.php:829)
[stacktrace]
#0 C:/Users/holan/OneDrive/Documentos/EV1-laravel-atomic-design/EV1-laravel/vendor/laravel/framework/src/Illuminate/Database/Connection.php(783): Illuminate/Database/Connection->runQueryCallback()
#1 C:/Users/holan/OneDrive/Documentos/EV1-laravel-atomic-design/EV1-laravel/vendor/laravel/framework/src/Illuminate/Database/Connection.php(414): Illuminate/Database/Connection->run()
#2 C:/Users/holan/OneDrive/Documentos/EV1-laravel-atomic-design/EV1-laravel/vendor/laravel/framework/src/Illuminate/Database/Query/Builder.php(2913): Illuminate/Database/Connection->select()
#3 C:/Users/holan/OneDrive/Documentos/EV1-laravel-atomic-design/EV1-laravel/vendor/laravel/framework/src/Illuminate/Database/Query/Builder.php(2902): Illuminate/Database/Query/Builder->runSelect()
#4 C:/Users/holan/OneDrive/Documentos/EV1-laravel-atomic-design/EV1-laravel/vendor/laravel/framework/src/Illuminate/Database/Query/Builder.php(3456): Illuminate/Database/Query/Builder->{closure:Illuminate/Database/Query/Builder::get():2901}()
#5 C:/Users/holan/OneDrive/Documentos/EV1-laravel-atomic-design/EV1-laravel/vendor/laravel/framework/src/Illuminate/Database/Query/Builder.php(2901): Illuminate/Database/Query/Builder->onceWithColumns()
#6 C:/Users/holan/OneDrive/Documentos/EV1-laravel-atomic-design/EV1-laravel/vendor/laravel/framework/src/Illuminate/Database/Eloquent/Builder.php(739): Illuminate/Database/Query/Builder->get()
#7 C:/Users/holan/OneDrive/Documentos/EV1-laravel-atomic-design/EV1-laravel/vendor/laravel/framework/src/Illuminate/Database/Eloquent/Builder.php(723): Illuminate/Database/Eloquent/Builder->getModels()
#8 C:/Users/holan/OneDrive/Documentos/EV1-laravel-atomic-design/EV1-laravel/vendor/laravel/framework/src/Illuminate/Database/Concerns/BuildsQueries.php(333): Illuminate/Database/Eloquent/Builder->get()
#9 C:/Users/holan/OneDrive/Documentos/EV1-laravel-atomic-design/EV1-laravel/app/Http/Controllers/AuthController.php(86): Illuminate/Database/Eloquent/Builder->first()
#10 C:/Users/holan/OneDrive/Documentos/EV1-laravel-atomic-design/EV1-laravel/vendor/laravel/framework/src/Illuminate/Routing/ControllerDispatcher.php(46): App/Http/Controllers/AuthController->login()
#11 C:/Users/holan/OneDrive/Documentos/EV1-laravel-atomic-design/EV1-laravel/vendor/laravel/framework/src/Illuminate/Routing/Route.php(259): Illuminate/Routing/ControllerDispatcher->dispatch()
#12 C:/Users/holan/OneDrive/Documentos/EV1-laravel-atomic-design/EV1-laravel/vendor/laravel/framework/src/Illuminate/Routing/Route.php(205): Illuminate/Routing/Route->runController()
#13 C:/Users/holan/OneDrive/Documentos/EV1-laravel-atomic-design/EV1-laravel/vendor/laravel/framework/src/Illuminate/Routing/Router.php(806): Illuminate/Routing/Route->run()
#14 C:/Users/holan/OneDrive/Documentos/EV1-laravel-atomic-design/EV1-laravel/vendor/laravel/framework/src/Illuminate/Pipeline/Pipeline.php(144): Illuminate/Routing/Router->{closure:Illuminate/Routing/Router::runRouteWithinStack():805}()
#15 C:/Users/holan/OneDrive/Documentos/EV1-laravel-atomic-design/EV1-laravel/vendor/laravel/framework/src/Illuminate/Routing/Middleware/SubstituteBindings.php(50): Illuminate/Pipeline/Pipeline->{closure:Illuminate/Pipeline/Pipeline::prepareDestination():142}()
#16 C:/Users/holan/OneDrive/Documentos/EV1-laravel-atomic-design/EV1-laravel/vendor/laravel/framework/src/Illuminate/Pipeline/Pipeline.php(183): Illuminate/Routing/Middleware/SubstituteBindings->handle()
#17 C:/Users/holan/OneDrive/Documentos/EV1-laravel-atomic-design/EV1-laravel/vendor/laravel/framework/src/Illuminate/View/Middleware/ShareErrorsFromSession.php(49): Illuminate/Pipeline/Pipeline->{closure:{closure:Illuminate/Pipeline/Pipeline::carry():158}:159}()
#18 C:/Users/holan/OneDrive/Documentos/EV1-laravel-atomic-design/EV1-laravel/vendor/laravel/framework/src/Illuminate/Pipeline/Pipeline.php(183): Illuminate/View/Middleware/ShareErrorsFromSession->handle()
#19 C:/Users/holan/OneDrive/Documentos/EV1-laravel-atomic-design/EV1-laravel/vendor/laravel/framework/src/Illuminate/Session/Middleware/StartSession.php(121): Illuminate/Pipeline/Pipeline->{closure:{closure:Illuminate/Pipeline/Pipeline::carry():158}:159}()
#20 C:/Users/holan/OneDrive/Documentos/EV1-laravel-atomic-design/EV1-laravel/vendor/laravel/framework/src/Illuminate/Session/Middleware/StartSession.php(64): Illuminate/Session/Middleware/StartSession->handleStatefulRequest()
#21 C:/Users/holan/OneDrive/Documentos/EV1-laravel-atomic-design/EV1-laravel/vendor/laravel/framework/src/Illuminate/Pipeline/Pipeline.php(183): Illuminate/Session/Middleware/StartSession->handle()
#22 C:/Users/holan/OneDrive/Documentos/EV1-laravel-atomic-design/EV1-laravel/vendor/laravel/framework/src/Illuminate/Cookie/Middleware/AddQueuedCookiesToResponse.php(37): Illuminate/Pipeline/Pipeline->{closure:{closure:Illuminate/Pipeline/Pipeline::carry():158}:159}()
#23 C:/Users/holan/OneDrive/Documentos/EV1-laravel-atomic-design/EV1-laravel/vendor/laravel/framework/src/Illuminate/Pipeline/Pipeline.php(183): Illuminate/Cookie/Middleware/AddQueuedCookiesToResponse->handle()
#24 C:/Users/holan/OneDrive/Documentos/EV1-laravel-atomic-design/EV1-laravel/vendor/laravel/framework/src/Illuminate/Cookie/Middleware/EncryptCookies.php(67): Illuminate/Pipeline/Pipeline->{closure:{closure:Illuminate/Pipeline/Pipeline::carry():158}:159}()
#25 C:/Users/holan/OneDrive/Documentos/EV1-laravel-atomic-design/EV1-laravel/vendor/laravel/framework/src/Illuminate/Pipeline/Pipeline.php(183): Illuminate/Cookie/Middleware/EncryptCookies->handle()
#26 C:/Users/holan/OneDrive/Documentos/EV1-laravel-atomic-design/EV1-laravel/vendor/laravel/framework/src/Illuminate/Pipeline/Pipeline.php(119): Illuminate/Pipeline/Pipeline->{closure:{closure:Illuminate/Pipeline/Pipeline::carry():158}:159}()
#27 C:/Users/holan/OneDrive/Documentos/EV1-laravel-atomic-design/EV1-laravel/vendor/laravel/framework/src/Illuminate/Routing/Router.php(805): Illuminate/Pipeline/Pipeline->then()
#28 C:/Users/holan/OneDrive/Documentos/EV1-laravel-atomic-design/EV1-laravel/vendor/laravel/framework/src/Illuminate/Routing/Router.php(784): Illuminate/Routing/Router->runRouteWithinStack()
#29 C:/Users/holan/OneDrive/Documentos/EV1-laravel-atomic-design/EV1-laravel/vendor/laravel/framework/src/Illuminate/Routing/Router.php(748): Illuminate/Routing/Router->runRoute()
#30 C:/Users/holan/OneDrive/Documentos/EV1-laravel-atomic-design/EV1-laravel/vendor/laravel/framework/src/Illuminate/Routing/Router.php(737): Illuminate/Routing/Router->dispatchToRoute()
#31 C:/Users/holan/OneDrive/Documentos/EV1-laravel-atomic-design/EV1-laravel/vendor/laravel/framework/src/Illuminate/Foundation/Http/Kernel.php(200): Illuminate/Routing/Router->dispatch()
#32 C:/Users/holan/OneDrive/Documentos/EV1-laravel-atomic-design/EV1-laravel/vendor/laravel/framework/src/Illuminate/Pipeline/Pipeline.php(144): Illuminate/Foundation/Http/Kernel->{closure:Illuminate/Foundation/Http/Kernel::dispatchToRouter():197}()
#33 C:/Users/holan/OneDrive/Documentos/EV1-laravel-atomic-design/EV1-laravel/vendor/laravel/framework/src/Illuminate/Foundation/Http/Middleware/TransformsRequest.php(21): Illuminate/Pipeline/Pipeline->{closure:Illuminate/Pipeline/Pipeline::prepareDestination():142}()
#34 C:/Users/holan/OneDrive/Documentos/EV1-laravel-atomic-design/EV1-laravel/vendor/laravel/framework/src/Illuminate/Foundation/Http/Middleware/ConvertEmptyStringsToNull.php(31): Illuminate/Foundation/Http/Middleware/TransformsRequest->handle()
#35 C:/Users/holan/OneDrive/Documentos/EV1-laravel-atomic-design/EV1-laravel/vendor/laravel/framework/src/Illuminate/Pipeline/Pipeline.php(183): Illuminate/Foundation/Http/Middleware/ConvertEmptyStringsToNull->handle()
#36 C:/Users/holan/OneDrive/Documentos/EV1-laravel-atomic-design/EV1-laravel/vendor/laravel/framework/src/Illuminate/Foundation/Http/Middleware/ValidatePostSize.php(27): Illuminate/Pipeline/Pipeline->{closure:{closure:Illuminate/Pipeline/Pipeline::carry():158}:159}()
#37 C:/Users/holan/OneDrive/Documentos/EV1-laravel-atomic-design/EV1-laravel/vendor/laravel/framework/src/Illuminate/Pipeline/Pipeline.php(183): Illuminate/Foundation/Http/Middleware/ValidatePostSize->handle()
#38 C:/Users/holan/OneDrive/Documentos/EV1-laravel-atomic-design/EV1-laravel/vendor/laravel/framework/src/Illuminate/Foundation/Http/Middleware/PreventRequestsDuringMaintenance.php(99): Illuminate/Pipeline/Pipeline->{closure:{closure:Illuminate/Pipeline/Pipeline::carry():158}:159}()
#39 C:/Users/holan/OneDrive/Documentos/EV1-laravel-atomic-design/EV1-laravel/vendor/laravel/framework/src/Illuminate/Pipeline/Pipeline.php(183): Illuminate/Foundation/Http/Middleware/PreventRequestsDuringMaintenance->handle()
#40 C:/Users/holan/OneDrive/Documentos/EV1-laravel-atomic-design/EV1-laravel/vendor/laravel/framework/src/Illuminate/Pipeline/Pipeline.php(119): Illuminate/Pipeline/Pipeline->{closure:{closure:Illuminate/Pipeline/Pipeline::carry():158}:159}()
#41 C:/Users/holan/OneDrive/Documentos/EV1-laravel-atomic-design/EV1-laravel/vendor/laravel/framework/src/Illuminate/Foundation/Http/Kernel.php(175): Illuminate/Pipeline/Pipeline->then()
#42 C:/Users/holan/OneDrive/Documentos/EV1-laravel-atomic-design/EV1-laravel/vendor/laravel/framework/src/Illuminate/Foundation/Http/Kernel.php(144): Illuminate/Foundation/Http/Kernel->sendRequestThroughRouter()
#43 C:/Users/holan/OneDrive/Documentos/EV1-laravel-atomic-design/EV1-laravel/public/index.php(51): Illuminate/Foundation/Http/Kernel->handle()
#44 C:/Users/holan/OneDrive/Documentos/EV1-laravel-atomic-design/EV1-laravel/vendor/laravel/framework/src/Illuminate/Foundation/resources/server.php(16): require_once('...')
#45 {main}

[previous exception] [object] (PDOException(code: 0): could not find driver at C:/Users/holan/OneDrive/Documentos/EV1-laravel-atomic-design/EV1-laravel/vendor/laravel/framework/src/Illuminate/Database/Connectors/Connector.php:65)
[stacktrace]
#0 C:/Users/holan/OneDrive/Documentos/EV1-laravel-atomic-design/EV1-laravel/vendor/laravel/framework/src/Illuminate/Database/Connectors/Connector.php(65): PDO->__construct()
#1 C:/Users/holan/OneDrive/Documentos/EV1-laravel-atomic-design/EV1-laravel/vendor/laravel/framework/src/Illuminate/Database/Connectors/Connector.php(44): Illuminate/Database/Connectors/Connector->createPdoConnection()
#2 C:/Users/holan/OneDrive/Documentos/EV1-laravel-atomic-design/EV1-laravel/vendor/laravel/framework/src/Illuminate/Database/Connectors/MySqlConnector.php(24): Illuminate/Database/Connectors/Connector->createConnection()
#3 C:/Users/holan/OneDrive/Documentos/EV1-laravel-atomic-design/EV1-laravel/vendor/laravel/framework/src/Illuminate/Database/Connectors/ConnectionFactory.php(184): Illuminate/Database/Connectors/MySqlConnector->connect()
#4 [internal function]: Illuminate/Database/Connectors/ConnectionFactory->{closure:Illuminate/Database/Connectors/ConnectionFactory::createPdoResolverWithHosts():179}()
#5 C:/Users/holan/OneDrive/Documentos/EV1-laravel-atomic-design/EV1-laravel/vendor/laravel/framework/src/Illuminate/Database/Connection.php(1339): call_user_func()
#6 C:/Users/holan/OneDrive/Documentos/EV1-laravel-atomic-design/EV1-laravel/vendor/laravel/framework/src/Illuminate/Database/Connection.php(1375): Illuminate/Database/Connection->getPdo()
#7 C:/Users/holan/OneDrive/Documentos/EV1-laravel-atomic-design/EV1-laravel/vendor/laravel/framework/src/Illuminate/Database/Connection.php(528): Illuminate/Database/Connection->getReadPdo()
#8 C:/Users/holan/OneDrive/Documentos/EV1-laravel-atomic-design/EV1-laravel/vendor/laravel/framework/src/Illuminate/Database/Connection.php(423): Illuminate/Database/Connection->getPdoForSelect()
#9 C:/Users/holan/OneDrive/Documentos/EV1-laravel-atomic-design/EV1-laravel/vendor/laravel/framework/src/Illuminate/Database/Connection.php(816): Illuminate/Database/Connection->{closure:Illuminate/Database/Connection::select():414}()
#10 C:/Users/holan/OneDrive/Documentos/EV1-laravel-atomic-design/EV1-laravel/vendor/laravel/framework/src/Illuminate/Database/Connection.php(783): Illuminate/Database/Connection->runQueryCallback()
#11 C:/Users/holan/OneDrive/Documentos/EV1-laravel-atomic-design/EV1-laravel/vendor/laravel/framework/src/Illuminate/Database/Connection.php(414): Illuminate/Database/Connection->run()
#12 C:/Users/holan/OneDrive/Documentos/EV1-laravel-atomic-design/EV1-laravel/vendor/laravel/framework/src/Illuminate/Database/Query/Builder.php(2913): Illuminate/Database/Connection->select()
#13 C:/Users/holan/OneDrive/Documentos/EV1-laravel-atomic-design/EV1-laravel/vendor/laravel/framework/src/Illuminate/Database/Query/Builder.php(2902): Illuminate/Database/Query/Builder->runSelect()
#14 C:/Users/holan/OneDrive/Documentos/EV1-laravel-atomic-design/EV1-laravel/vendor/laravel/framework/src/Illuminate/Database/Query/Builder.php(3456): Illuminate/Database/Query/Builder->{closure:Illuminate/Database/Query/Builder::get():2901}()
#15 C:/Users/holan/OneDrive/Documentos/EV1-laravel-atomic-design/EV1-laravel/vendor/laravel/framework/src/Illuminate/Database/Query/Builder.php(2901): Illuminate/Database/Query/Builder->onceWithColumns()
#16 C:/Users/holan/OneDrive/Documentos/EV1-laravel-atomic-design/EV1-laravel/vendor/laravel/framework/src/Illuminate/Database/Eloquent/Builder.php(739): Illuminate/Database/Query/Builder->get()
#17 C:/Users/holan/OneDrive/Documentos/EV1-laravel-atomic-design/EV1-laravel/vendor/laravel/framework/src/Illuminate/Database/Eloquent/Builder.php(723): Illuminate/Database/Eloquent/Builder->getModels()
#18 C:/Users/holan/OneDrive/Documentos/EV1-laravel-atomic-design/EV1-laravel/vendor/laravel/framework/src/Illuminate/Database/Concerns/BuildsQueries.php(333): Illuminate/Database/Eloquent/Builder->get()
#19 C:/Users/holan/OneDrive/Documentos/EV1-laravel-atomic-design/EV1-laravel/app/Http/Controllers/AuthController.php(86): Illuminate/Database/Eloquent/Builder->first()
#20 C:/Users/holan/OneDrive/Documentos/EV1-laravel-atomic-design/EV1-laravel/vendor/laravel/framework/src/Illuminate/Routing/ControllerDispatcher.php(46): App/Http/Controllers/AuthController->login()
#21 C:/Users/holan/OneDrive/Documentos/EV1-laravel-atomic-design/EV1-laravel/vendor/laravel/framework/src/Illuminate/Routing/Route.php(259): Illuminate/Routing/ControllerDispatcher->dispatch()
#22 C:/Users/holan/OneDrive/Documentos/EV1-laravel-atomic-design/EV1-laravel/vendor/laravel/framework/src/Illuminate/Routing/Route.php(205): Illuminate/Routing/Route->runController()
#23 C:/Users/holan/OneDrive/Documentos/EV1-laravel-atomic-design/EV1-laravel/vendor/laravel/framework/src/Illuminate/Routing/Router.php(806): Illuminate/Routing/Route->run()
#24 C:/Users/holan/OneDrive/Documentos/EV1-laravel-atomic-design/EV1-laravel/vendor/laravel/framework/src/Illuminate/Pipeline/Pipeline.php(144): Illuminate/Routing/Router->{closure:Illuminate/Routing/Router::runRouteWithinStack():805}()
#25 C:/Users/holan/OneDrive/Documentos/EV1-laravel-atomic-design/EV1-laravel/vendor/laravel/framework/src/Illuminate/Routing/Middleware/SubstituteBindings.php(50): Illuminate/Pipeline/Pipeline->{closure:Illuminate/Pipeline/Pipeline::prepareDestination():142}()
#26 C:/Users/holan/OneDrive/Documentos/EV1-laravel-atomic-design/EV1-laravel/vendor/laravel/framework/src/Illuminate/Pipeline/Pipeline.php(183): Illuminate/Routing/Middleware/SubstituteBindings->handle()
#27 C:/Users/holan/OneDrive/Documentos/EV1-laravel-atomic-design/EV1-laravel/vendor/laravel/framework/src/Illuminate/View/Middleware/ShareErrorsFromSession.php(49): Illuminate/Pipeline/Pipeline->{closure:{closure:Illuminate/Pipeline/Pipeline::carry():158}:159}()
#28 C:/Users/holan/OneDrive/Documentos/EV1-laravel-atomic-design/EV1-laravel/vendor/laravel/framework/src/Illuminate/Pipeline/Pipeline.php(183): Illuminate/View/Middleware/ShareErrorsFromSession->handle()
#29 C:/Users/holan/OneDrive/Documentos/EV1-laravel-atomic-design/EV1-laravel/vendor/laravel/framework/src/Illuminate/Session/Middleware/StartSession.php(121): Illuminate/Pipeline/Pipeline->{closure:{closure:Illuminate/Pipeline/Pipeline::carry():158}:159}()
#30 C:/Users/holan/OneDrive/Documentos/EV1-laravel-atomic-design/EV1-laravel/vendor/laravel/framework/src/Illuminate/Session/Middleware/StartSession.php(64): Illuminate/Session/Middleware/StartSession->handleStatefulRequest()
#31 C:/Users/holan/OneDrive/Documentos/EV1-laravel-atomic-design/EV1-laravel/vendor/laravel/framework/src/Illuminate/Pipeline/Pipeline.php(183): Illuminate/Session/Middleware/StartSession->handle()
#32 C:/Users/holan/OneDrive/Documentos/EV1-laravel-atomic-design/EV1-laravel/vendor/laravel/framework/src/Illuminate/Cookie/Middleware/AddQueuedCookiesToResponse.php(37): Illuminate/Pipeline/Pipeline->{closure:{closure:Illuminate/Pipeline/Pipeline::carry():158}:159}()
#33 C:/Users/holan/OneDrive/Documentos/EV1-laravel-atomic-design/EV1-laravel/vendor/laravel/framework/src/Illuminate/Pipeline/Pipeline.php(183): Illuminate/Cookie/Middleware/AddQueuedCookiesToResponse->handle()
#34 C:/Users/holan/OneDrive/Documentos/EV1-laravel-atomic-design/EV1-laravel/vendor/laravel/framework/src/Illuminate/Cookie/Middleware/EncryptCookies.php(67): Illuminate/Pipeline/Pipeline->{closure:{closure:Illuminate/Pipeline/Pipeline::carry():158}:159}()
#35 C:/Users/holan/OneDrive/Documentos/EV1-laravel-atomic-design/EV1-laravel/vendor/laravel/framework/src/Illuminate/Pipeline/Pipeline.php(183): Illuminate/Cookie/Middleware/EncryptCookies->handle()
#36 C:/Users/holan/OneDrive/Documentos/EV1-laravel-atomic-design/EV1-laravel/vendor/laravel/framework/src/Illuminate/Pipeline/Pipeline.php(119): Illuminate/Pipeline/Pipeline->{closure:{closure:Illuminate/Pipeline/Pipeline::carry():158}:159}()
#37 C:/Users/holan/OneDrive/Documentos/EV1-laravel-atomic-design/EV1-laravel/vendor/laravel/framework/src/Illuminate/Routing/Router.php(805): Illuminate/Pipeline/Pipeline->then()
#38 C:/Users/holan/OneDrive/Documentos/EV1-laravel-atomic-design/EV1-laravel/vendor/laravel/framework/src/Illuminate/Routing/Router.php(784): Illuminate/Routing/Router->runRouteWithinStack()
#39 C:/Users/holan/OneDrive/Documentos/EV1-laravel-atomic-design/EV1-laravel/vendor/laravel/framework/src/Illuminate/Routing/Router.php(748): Illuminate/Routing/Router->runRoute()
#40 C:/Users/holan/OneDrive/Documentos/EV1-laravel-atomic-design/EV1-laravel/vendor/laravel/framework/src/Illuminate/Routing/Router.php(737): Illuminate/Routing/Router->dispatchToRoute()
#41 C:/Users/holan/OneDrive/Documentos/EV1-laravel-atomic-design/EV1-laravel/vendor/laravel/framework/src/Illuminate/Foundation/Http/Kernel.php(200): Illuminate/Routing/Router->dispatch()
#42 C:/Users/holan/OneDrive/Documentos/EV1-laravel-atomic-design/EV1-laravel/vendor/laravel/framework/src/Illuminate/Pipeline/Pipeline.php(144): Illuminate/Foundation/Http/Kernel->{closure:Illuminate/Foundation/Http/Kernel::dispatchToRouter():197}()
#43 C:/Users/holan/OneDrive/Documentos/EV1-laravel-atomic-design/EV1-laravel/vendor/laravel/framework/src/Illuminate/Foundation/Http/Middleware/TransformsRequest.php(21): Illuminate/Pipeline/Pipeline->{closure:Illuminate/Pipeline/Pipeline::prepareDestination():142}()
#44 C:/Users/holan/OneDrive/Documentos/EV1-laravel-atomic-design/EV1-laravel/vendor/laravel/framework/src/Illuminate/Foundation/Http/Middleware/ConvertEmptyStringsToNull.php(31): Illuminate/Foundation/Http/Middleware/TransformsRequest->handle()
#45 C:/Users/holan/OneDrive/Documentos/EV1-laravel-atomic-design/EV1-laravel/vendor/laravel/framework/src/Illuminate/Pipeline/Pipeline.php(183): Illuminate/Foundation/Http/Middleware/ConvertEmptyStringsToNull->handle()
#46 C:/Users/holan/OneDrive/Documentos/EV1-laravel-atomic-design/EV1-laravel/vendor/laravel/framework/src/Illuminate/Foundation/Http/Middleware/ValidatePostSize.php(27): Illuminate/Pipeline/Pipeline->{closure:{closure:Illuminate/Pipeline/Pipeline::carry():158}:159}()
#47 C:/Users/holan/OneDrive/Documentos/EV1-laravel-atomic-design/EV1-laravel/vendor/laravel/framework/src/Illuminate/Pipeline/Pipeline.php(183): Illuminate/Foundation/Http/Middleware/ValidatePostSize->handle()
#48 C:/Users/holan/OneDrive/Documentos/EV1-laravel-atomic-design/EV1-laravel/vendor/laravel/framework/src/Illuminate/Foundation/Http/Middleware/PreventRequestsDuringMaintenance.php(99): Illuminate/Pipeline/Pipeline->{closure:{closure:Illuminate/Pipeline/Pipeline::carry():158}:159}()
#49 C:/Users/holan/OneDrive/Documentos/EV1-laravel-atomic-design/EV1-laravel/vendor/laravel/framework/src/Illuminate/Pipeline/Pipeline.php(183): Illuminate/Foundation/Http/Middleware/PreventRequestsDuringMaintenance->handle()
#50 C:/Users/holan/OneDrive/Documentos/EV1-laravel-atomic-design/EV1-laravel/vendor/laravel/framework/src/Illuminate/Pipeline/Pipeline.php(119): Illuminate/Pipeline/Pipeline->{closure:{closure:Illuminate/Pipeline/Pipeline::carry():158}:159}()
#51 C:/Users/holan/OneDrive/Documentos/EV1-laravel-atomic-design/EV1-laravel/vendor/laravel/framework/src/Illuminate/Foundation/Http/Kernel.php(175): Illuminate/Pipeline/Pipeline->then()
#52 C:/Users/holan/OneDrive/Documentos/EV1-laravel-atomic-design/EV1-laravel/vendor/laravel/framework/src/Illuminate/Foundation/Http/Kernel.php(144): Illuminate/Foundation/Http/Kernel->sendRequestThroughRouter()
#53 C:/Users/holan/OneDrive/Documentos/EV1-laravel-atomic-design/EV1-laravel/public/index.php(51): Illuminate/Foundation/Http/Kernel->handle()
#54 C:/Users/holan/OneDrive/Documentos/EV1-laravel-atomic-design/EV1-laravel/vendor/laravel/framework/src/Illuminate/Foundation/resources/server.php(16): require_once('...')
#55 {main}
"} 
[2026-08-13 13:07:18] local.ERROR: could not find driver (Connection: mysql, SQL: select * from `usuarios` where `correo` = juan@gmail.com limit 1) {"exception":"[object] (Illuminate\\Database\\QueryException(code: 0): could not find driver (Connection: mysql, SQL: select * from `usuarios` where `correo` = juan@gmail.com limit 1) at C:/Users/holan/OneDrive/Documentos/EV1-laravel-atomic-design/EV1-laravel/vendor/laravel/framework/src/Illuminate/Database/Connection.php:829)
[stacktrace]
#0 C:/Users/holan/OneDrive/Documentos/EV1-laravel-atomic-design/EV1-laravel/vendor/laravel/framework/src/Illuminate/Database/Connection.php(783): Illuminate/Database/Connection->runQueryCallback()
#1 C:/Users/holan/OneDrive/Documentos/EV1-laravel-atomic-design/EV1-laravel/vendor/laravel/framework/src/Illuminate/Database/Connection.php(414): Illuminate/Database/Connection->run()
#2 C:/Users/holan/OneDrive/Documentos/EV1-laravel-atomic-design/EV1-laravel/vendor/laravel/framework/src/Illuminate/Database/Query/Builder.php(2913): Illuminate/Database/Connection->select()
#3 C:/Users/holan/OneDrive/Documentos/EV1-laravel-atomic-design/EV1-laravel/vendor/laravel/framework/src/Illuminate/Database/Query/Builder.php(2902): Illuminate/Database/Query/Builder->runSelect()
#4 C:/Users/holan/OneDrive/Documentos/EV1-laravel-atomic-design/EV1-laravel/vendor/laravel/framework/src/Illuminate/Database/Query/Builder.php(3456): Illuminate/Database/Query/Builder->{closure:Illuminate/Database/Query/Builder::get():2901}()
#5 C:/Users/holan/OneDrive/Documentos/EV1-laravel-atomic-design/EV1-laravel/vendor/laravel/framework/src/Illuminate/Database/Query/Builder.php(2901): Illuminate/Database/Query/Builder->onceWithColumns()
#6 C:/Users/holan/OneDrive/Documentos/EV1-laravel-atomic-design/EV1-laravel/vendor/laravel/framework/src/Illuminate/Database/Eloquent/Builder.php(739): Illuminate/Database/Query/Builder->get()
#7 C:/Users/holan/OneDrive/Documentos/EV1-laravel-atomic-design/EV1-laravel/vendor/laravel/framework/src/Illuminate/Database/Eloquent/Builder.php(723): Illuminate/Database/Eloquent/Builder->getModels()
#8 C:/Users/holan/OneDrive/Documentos/EV1-laravel-atomic-design/EV1-laravel/vendor/laravel/framework/src/Illuminate/Database/Concerns/BuildsQueries.php(333): Illuminate/Database/Eloquent/Builder->get()
#9 C:/Users/holan/OneDrive/Documentos/EV1-laravel-atomic-design/EV1-laravel/app/Http/Controllers/AuthController.php(86): Illuminate/Database/Eloquent/Builder->first()
#10 C:/Users/holan/OneDrive/Documentos/EV1-laravel-atomic-design/EV1-laravel/vendor/laravel/framework/src/Illuminate/Routing/ControllerDispatcher.php(46): App/Http/Controllers/AuthController->login()
#11 C:/Users/holan/OneDrive/Documentos/EV1-laravel-atomic-design/EV1-laravel/vendor/laravel/framework/src/Illuminate/Routing/Route.php(259): Illuminate/Routing/ControllerDispatcher->dispatch()
#12 C:/Users/holan/OneDrive/Documentos/EV1-laravel-atomic-design/EV1-laravel/vendor/laravel/framework/src/Illuminate/Routing/Route.php(205): Illuminate/Routing/Route->runController()
#13 C:/Users/holan/OneDrive/Documentos/EV1-laravel-atomic-design/EV1-laravel/vendor/laravel/framework/src/Illuminate/Routing/Router.php(806): Illuminate/Routing/Route->run()
#14 C:/Users/holan/OneDrive/Documentos/EV1-laravel-atomic-design/EV1-laravel/vendor/laravel/framework/src/Illuminate/Pipeline/Pipeline.php(144): Illuminate/Routing/Router->{closure:Illuminate/Routing/Router::runRouteWithinStack():805}()
#15 C:/Users/holan/OneDrive/Documentos/EV1-laravel-atomic-design/EV1-laravel/vendor/laravel/framework/src/Illuminate/Routing/Middleware/SubstituteBindings.php(50): Illuminate/Pipeline/Pipeline->{closure:Illuminate/Pipeline/Pipeline::prepareDestination():142}()
#16 C:/Users/holan/OneDrive/Documentos/EV1-laravel-atomic-design/EV1-laravel/vendor/laravel/framework/src/Illuminate/Pipeline/Pipeline.php(183): Illuminate/Routing/Middleware/SubstituteBindings->handle()
#17 C:/Users/holan/OneDrive/Documentos/EV1-laravel-atomic-design/EV1-laravel/vendor/laravel/framework/src/Illuminate/View/Middleware/ShareErrorsFromSession.php(49): Illuminate/Pipeline/Pipeline->{closure:{closure:Illuminate/Pipeline/Pipeline::carry():158}:159}()
#18 C:/Users/holan/OneDrive/Documentos/EV1-laravel-atomic-design/EV1-laravel/vendor/laravel/framework/src/Illuminate/Pipeline/Pipeline.php(183): Illuminate/View/Middleware/ShareErrorsFromSession->handle()
#19 C:/Users/holan/OneDrive/Documentos/EV1-laravel-atomic-design/EV1-laravel/vendor/laravel/framework/src/Illuminate/Session/Middleware/StartSession.php(121): Illuminate/Pipeline/Pipeline->{closure:{closure:Illuminate/Pipeline/Pipeline::carry():158}:159}()
#20 C:/Users/holan/OneDrive/Documentos/EV1-laravel-atomic-design/EV1-laravel/vendor/laravel/framework/src/Illuminate/Session/Middleware/StartSession.php(64): Illuminate/Session/Middleware/StartSession->handleStatefulRequest()
#21 C:/Users/holan/OneDrive/Documentos/EV1-laravel-atomic-design/EV1-laravel/vendor/laravel/framework/src/Illuminate/Pipeline/Pipeline.php(183): Illuminate/Session/Middleware/StartSession->handle()
#22 C:/Users/holan/OneDrive/Documentos/EV1-laravel-atomic-design/EV1-laravel/vendor/laravel/framework/src/Illuminate/Cookie/Middleware/AddQueuedCookiesToResponse.php(37): Illuminate/Pipeline/Pipeline->{closure:{closure:Illuminate/Pipeline/Pipeline::carry():158}:159}()
#23 C:/Users/holan/OneDrive/Documentos/EV1-laravel-atomic-design/EV1-laravel/vendor/laravel/framework/src/Illuminate/Pipeline/Pipeline.php(183): Illuminate/Cookie/Middleware/AddQueuedCookiesToResponse->handle()
#24 C:/Users/holan/OneDrive/Documentos/EV1-laravel-atomic-design/EV1-laravel/vendor/laravel/framework/src/Illuminate/Cookie/Middleware/EncryptCookies.php(67): Illuminate/Pipeline/Pipeline->{closure:{closure:Illuminate/Pipeline/Pipeline::carry():158}:159}()
#25 C:/Users/holan/OneDrive/Documentos/EV1-laravel-atomic-design/EV1-laravel/vendor/laravel/framework/src/Illuminate/Pipeline/Pipeline.php(183): Illuminate/Cookie/Middleware/EncryptCookies->handle()
#26 C:/Users/holan/OneDrive/Documentos/EV1-laravel-atomic-design/EV1-laravel/vendor/laravel/framework/src/Illuminate/Pipeline/Pipeline.php(119): Illuminate/Pipeline/Pipeline->{closure:{closure:Illuminate/Pipeline/Pipeline::carry():158}:159}()
#27 C:/Users/holan/OneDrive/Documentos/EV1-laravel-atomic-design/EV1-laravel/vendor/laravel/framework/src/Illuminate/Routing/Router.php(805): Illuminate/Pipeline/Pipeline->then()
#28 C:/Users/holan/OneDrive/Documentos/EV1-laravel-atomic-design/EV1-laravel/vendor/laravel/framework/src/Illuminate/Routing/Router.php(784): Illuminate/Routing/Router->runRouteWithinStack()
#29 C:/Users/holan/OneDrive/Documentos/EV1-laravel-atomic-design/EV1-laravel/vendor/laravel/framework/src/Illuminate/Routing/Router.php(748): Illuminate/Routing/Router->runRoute()
#30 C:/Users/holan/OneDrive/Documentos/EV1-laravel-atomic-design/EV1-laravel/vendor/laravel/framework/src/Illuminate/Routing/Router.php(737): Illuminate/Routing/Router->dispatchToRoute()
#31 C:/Users/holan/OneDrive/Documentos/EV1-laravel-atomic-design/EV1-laravel/vendor/laravel/framework/src/Illuminate/Foundation/Http/Kernel.php(200): Illuminate/Routing/Router->dispatch()
#32 C:/Users/holan/OneDrive/Documentos/EV1-laravel-atomic-design/EV1-laravel/vendor/laravel/framework/src/Illuminate/Pipeline/Pipeline.php(144): Illuminate/Foundation/Http/Kernel->{closure:Illuminate/Foundation/Http/Kernel::dispatchToRouter():197}()
#33 C:/Users/holan/OneDrive/Documentos/EV1-laravel-atomic-design/EV1-laravel/vendor/laravel/framework/src/Illuminate/Foundation/Http/Middleware/TransformsRequest.php(21): Illuminate/Pipeline/Pipeline->{closure:Illuminate/Pipeline/Pipeline::prepareDestination():142}()
#34 C:/Users/holan/OneDrive/Documentos/EV1-laravel-atomic-design/EV1-laravel/vendor/laravel/framework/src/Illuminate/Foundation/Http/Middleware/ConvertEmptyStringsToNull.php(31): Illuminate/Foundation/Http/Middleware/TransformsRequest->handle()
#35 C:/Users/holan/OneDrive/Documentos/EV1-laravel-atomic-design/EV1-laravel/vendor/laravel/framework/src/Illuminate/Pipeline/Pipeline.php(183): Illuminate/Foundation/Http/Middleware/ConvertEmptyStringsToNull->handle()
#36 C:/Users/holan/OneDrive/Documentos/EV1-laravel-atomic-design/EV1-laravel/vendor/laravel/framework/src/Illuminate/Foundation/Http/Middleware/ValidatePostSize.php(27): Illuminate/Pipeline/Pipeline->{closure:{closure:Illuminate/Pipeline/Pipeline::carry():158}:159}()
#37 C:/Users/holan/OneDrive/Documentos/EV1-laravel-atomic-design/EV1-laravel/vendor/laravel/framework/src/Illuminate/Pipeline/Pipeline.php(183): Illuminate/Foundation/Http/Middleware/ValidatePostSize->handle()
#38 C:/Users/holan/OneDrive/Documentos/EV1-laravel-atomic-design/EV1-laravel/vendor/laravel/framework/src/Illuminate/Foundation/Http/Middleware/PreventRequestsDuringMaintenance.php(99): Illuminate/Pipeline/Pipeline->{closure:{closure:Illuminate/Pipeline/Pipeline::carry():158}:159}()
#39 C:/Users/holan/OneDrive/Documentos/EV1-laravel-atomic-design/EV1-laravel/vendor/laravel/framework/src/Illuminate/Pipeline/Pipeline.php(183): Illuminate/Foundation/Http/Middleware/PreventRequestsDuringMaintenance->handle()
#40 C:/Users/holan/OneDrive/Documentos/EV1-laravel-atomic-design/EV1-laravel/vendor/laravel/framework/src/Illuminate/Pipeline/Pipeline.php(119): Illuminate/Pipeline/Pipeline->{closure:{closure:Illuminate/Pipeline/Pipeline::carry():158}:159}()
#41 C:/Users/holan/OneDrive/Documentos/EV1-laravel-atomic-design/EV1-laravel/vendor/laravel/framework/src/Illuminate/Foundation/Http/Kernel.php(175): Illuminate/Pipeline/Pipeline->then()
#42 C:/Users/holan/OneDrive/Documentos/EV1-laravel-atomic-design/EV1-laravel/vendor/laravel/framework/src/Illuminate/Foundation/Http/Kernel.php(144): Illuminate/Foundation/Http/Kernel->sendRequestThroughRouter()
#43 C:/Users/holan/OneDrive/Documentos/EV1-laravel-atomic-design/EV1-laravel/public/index.php(51): Illuminate/Foundation/Http/Kernel->handle()
#44 C:/Users/holan/OneDrive/Documentos/EV1-laravel-atomic-design/EV1-laravel/vendor/laravel/framework/src/Illuminate/Foundation/resources/server.php(16): require_once('...')
#45 {main}

[previous exception] [object] (PDOException(code: 0): could not find driver at C:/Users/holan/OneDrive/Documentos/EV1-laravel-atomic-design/EV1-laravel/vendor/laravel/framework/src/Illuminate/Database/Connectors/Connector.php:65)
[stacktrace]
#0 C:/Users/holan/OneDrive/Documentos/EV1-laravel-atomic-design/EV1-laravel/vendor/laravel/framework/src/Illuminate/Database/Connectors/Connector.php(65): PDO->__construct()
#1 C:/Users/holan/OneDrive/Documentos/EV1-laravel-atomic-design/EV1-laravel/vendor/laravel/framework/src/Illuminate/Database/Connectors/Connector.php(44): Illuminate/Database/Connectors/Connector->createPdoConnection()
#2 C:/Users/holan/OneDrive/Documentos/EV1-laravel-atomic-design/EV1-laravel/vendor/laravel/framework/src/Illuminate/Database/Connectors/MySqlConnector.php(24): Illuminate/Database/Connectors/Connector->createConnection()
#3 C:/Users/holan/OneDrive/Documentos/EV1-laravel-atomic-design/EV1-laravel/vendor/laravel/framework/src/Illuminate/Database/Connectors/ConnectionFactory.php(184): Illuminate/Database/Connectors/MySqlConnector->connect()
#4 [internal function]: Illuminate/Database/Connectors/ConnectionFactory->{closure:Illuminate/Database/Connectors/ConnectionFactory::createPdoResolverWithHosts():179}()
#5 C:/Users/holan/OneDrive/Documentos/EV1-laravel-atomic-design/EV1-laravel/vendor/laravel/framework/src/Illuminate/Database/Connection.php(1339): call_user_func()
#6 C:/Users/holan/OneDrive/Documentos/EV1-laravel-atomic-design/EV1-laravel/vendor/laravel/framework/src/Illuminate/Database/Connection.php(1375): Illuminate/Database/Connection->getPdo()
#7 C:/Users/holan/OneDrive/Documentos/EV1-laravel-atomic-design/EV1-laravel/vendor/laravel/framework/src/Illuminate/Database/Connection.php(528): Illuminate/Database/Connection->getReadPdo()
#8 C:/Users/holan/OneDrive/Documentos/EV1-laravel-atomic-design/EV1-laravel/vendor/laravel/framework/src/Illuminate/Database/Connection.php(423): Illuminate/Database/Connection->getPdoForSelect()
#9 C:/Users/holan/OneDrive/Documentos/EV1-laravel-atomic-design/EV1-laravel/vendor/laravel/framework/src/Illuminate/Database/Connection.php(816): Illuminate/Database/Connection->{closure:Illuminate/Database/Connection::select():414}()
#10 C:/Users/holan/OneDrive/Documentos/EV1-laravel-atomic-design/EV1-laravel/vendor/laravel/framework/src/Illuminate/Database/Connection.php(783): Illuminate/Database/Connection->runQueryCallback()
#11 C:/Users/holan/OneDrive/Documentos/EV1-laravel-atomic-design/EV1-laravel/vendor/laravel/framework/src/Illuminate/Database/Connection.php(414): Illuminate/Database/Connection->run()
#12 C:/Users/holan/OneDrive/Documentos/EV1-laravel-atomic-design/EV1-laravel/vendor/laravel/framework/src/Illuminate/Database/Query/Builder.php(2913): Illuminate/Database/Connection->select()
#13 C:/Users/holan/OneDrive/Documentos/EV1-laravel-atomic-design/EV1-laravel/vendor/laravel/framework/src/Illuminate/Database/Query/Builder.php(2902): Illuminate/Database/Query/Builder->runSelect()
#14 C:/Users/holan/OneDrive/Documentos/EV1-laravel-atomic-design/EV1-laravel/vendor/laravel/framework/src/Illuminate/Database/Query/Builder.php(3456): Illuminate/Database/Query/Builder->{closure:Illuminate/Database/Query/Builder::get():2901}()
#15 C:/Users/holan/OneDrive/Documentos/EV1-laravel-atomic-design/EV1-laravel/vendor/laravel/framework/src/Illuminate/Database/Query/Builder.php(2901): Illuminate/Database/Query/Builder->onceWithColumns()
#16 C:/Users/holan/OneDrive/Documentos/EV1-laravel-atomic-design/EV1-laravel/vendor/laravel/framework/src/Illuminate/Database/Eloquent/Builder.php(739): Illuminate/Database/Query/Builder->get()
#17 C:/Users/holan/OneDrive/Documentos/EV1-laravel-atomic-design/EV1-laravel/vendor/laravel/framework/src/Illuminate/Database/Eloquent/Builder.php(723): Illuminate/Database/Eloquent/Builder->getModels()
#18 C:/Users/holan/OneDrive/Documentos/EV1-laravel-atomic-design/EV1-laravel/vendor/laravel/framework/src/Illuminate/Database/Concerns/BuildsQueries.php(333): Illuminate/Database/Eloquent/Builder->get()
#19 C:/Users/holan/OneDrive/Documentos/EV1-laravel-atomic-design/EV1-laravel/app/Http/Controllers/AuthController.php(86): Illuminate/Database/Eloquent/Builder->first()
#20 C:/Users/holan/OneDrive/Documentos/EV1-laravel-atomic-design/EV1-laravel/vendor/laravel/framework/src/Illuminate/Routing/ControllerDispatcher.php(46): App/Http/Controllers/AuthController->login()
#21 C:/Users/holan/OneDrive/Documentos/EV1-laravel-atomic-design/EV1-laravel/vendor/laravel/framework/src/Illuminate/Routing/Route.php(259): Illuminate/Routing/ControllerDispatcher->dispatch()
#22 C:/Users/holan/OneDrive/Documentos/EV1-laravel-atomic-design/EV1-laravel/vendor/laravel/framework/src/Illuminate/Routing/Route.php(205): Illuminate/Routing/Route->runController()
#23 C:/Users/holan/OneDrive/Documentos/EV1-laravel-atomic-design/EV1-laravel/vendor/laravel/framework/src/Illuminate/Routing/Router.php(806): Illuminate/Routing/Route->run()
#24 C:/Users/holan/OneDrive/Documentos/EV1-laravel-atomic-design/EV1-laravel/vendor/laravel/framework/src/Illuminate/Pipeline/Pipeline.php(144): Illuminate/Routing/Router->{closure:Illuminate/Routing/Router::runRouteWithinStack():805}()
#25 C:/Users/holan/OneDrive/Documentos/EV1-laravel-atomic-design/EV1-laravel/vendor/laravel/framework/src/Illuminate/Routing/Middleware/SubstituteBindings.php(50): Illuminate/Pipeline/Pipeline->{closure:Illuminate/Pipeline/Pipeline::prepareDestination():142}()
#26 C:/Users/holan/OneDrive/Documentos/EV1-laravel-atomic-design/EV1-laravel/vendor/laravel/framework/src/Illuminate/Pipeline/Pipeline.php(183): Illuminate/Routing/Middleware/SubstituteBindings->handle()
#27 C:/Users/holan/OneDrive/Documentos/EV1-laravel-atomic-design/EV1-laravel/vendor/laravel/framework/src/Illuminate/View/Middleware/ShareErrorsFromSession.php(49): Illuminate/Pipeline/Pipeline->{closure:{closure:Illuminate/Pipeline/Pipeline::carry():158}:159}()
#28 C:/Users/holan/OneDrive/Documentos/EV1-laravel-atomic-design/EV1-laravel/vendor/laravel/framework/src/Illuminate/Pipeline/Pipeline.php(183): Illuminate/View/Middleware/ShareErrorsFromSession->handle()
#29 C:/Users/holan/OneDrive/Documentos/EV1-laravel-atomic-design/EV1-laravel/vendor/laravel/framework/src/Illuminate/Session/Middleware/StartSession.php(121): Illuminate/Pipeline/Pipeline->{closure:{closure:Illuminate/Pipeline/Pipeline::carry():158}:159}()
#30 C:/Users/holan/OneDrive/Documentos/EV1-laravel-atomic-design/EV1-laravel/vendor/laravel/framework/src/Illuminate/Session/Middleware/StartSession.php(64): Illuminate/Session/Middleware/StartSession->handleStatefulRequest()
#31 C:/Users/holan/OneDrive/Documentos/EV1-laravel-atomic-design/EV1-laravel/vendor/laravel/framework/src/Illuminate/Pipeline/Pipeline.php(183): Illuminate/Session/Middleware/StartSession->handle()
#32 C:/Users/holan/OneDrive/Documentos/EV1-laravel-atomic-design/EV1-laravel/vendor/laravel/framework/src/Illuminate/Cookie/Middleware/AddQueuedCookiesToResponse.php(37): Illuminate/Pipeline/Pipeline->{closure:{closure:Illuminate/Pipeline/Pipeline::carry():158}:159}()
#33 C:/Users/holan/OneDrive/Documentos/EV1-laravel-atomic-design/EV1-laravel/vendor/laravel/framework/src/Illuminate/Pipeline/Pipeline.php(183): Illuminate/Cookie/Middleware/AddQueuedCookiesToResponse->handle()
#34 C:/Users/holan/OneDrive/Documentos/EV1-laravel-atomic-design/EV1-laravel/vendor/laravel/framework/src/Illuminate/Cookie/Middleware/EncryptCookies.php(67): Illuminate/Pipeline/Pipeline->{closure:{closure:Illuminate/Pipeline/Pipeline::carry():158}:159}()
#35 C:/Users/holan/OneDrive/Documentos/EV1-laravel-atomic-design/EV1-laravel/vendor/laravel/framework/src/Illuminate/Pipeline/Pipeline.php(183): Illuminate/Cookie/Middleware/EncryptCookies->handle()
#36 C:/Users/holan/OneDrive/Documentos/EV1-laravel-atomic-design/EV1-laravel/vendor/laravel/framework/src/Illuminate/Pipeline/Pipeline.php(119): Illuminate/Pipeline/Pipeline->{closure:{closure:Illuminate/Pipeline/Pipeline::carry():158}:159}()
#37 C:/Users/holan/OneDrive/Documentos/EV1-laravel-atomic-design/EV1-laravel/vendor/laravel/framework/src/Illuminate/Routing/Router.php(805): Illuminate/Pipeline/Pipeline->then()
#38 C:/Users/holan/OneDrive/Documentos/EV1-laravel-atomic-design/EV1-laravel/vendor/laravel/framework/src/Illuminate/Routing/Router.php(784): Illuminate/Routing/Router->runRouteWithinStack()
#39 C:/Users/holan/OneDrive/Documentos/EV1-laravel-atomic-design/EV1-laravel/vendor/laravel/framework/src/Illuminate/Routing/Router.php(748): Illuminate/Routing/Router->runRoute()
#40 C:/Users/holan/OneDrive/Documentos/EV1-laravel-atomic-design/EV1-laravel/vendor/laravel/framework/src/Illuminate/Routing/Router.php(737): Illuminate/Routing/Router->dispatchToRoute()
#41 C:/Users/holan/OneDrive/Documentos/EV1-laravel-atomic-design/EV1-laravel/vendor/laravel/framework/src/Illuminate/Foundation/Http/Kernel.php(200): Illuminate/Routing/Router->dispatch()
#42 C:/Users/holan/OneDrive/Documentos/EV1-laravel-atomic-design/EV1-laravel/vendor/laravel/framework/src/Illuminate/Pipeline/Pipeline.php(144): Illuminate/Foundation/Http/Kernel->{closure:Illuminate/Foundation/Http/Kernel::dispatchToRouter():197}()
#43 C:/Users/holan/OneDrive/Documentos/EV1-laravel-atomic-design/EV1-laravel/vendor/laravel/framework/src/Illuminate/Foundation/Http/Middleware/TransformsRequest.php(21): Illuminate/Pipeline/Pipeline->{closure:Illuminate/Pipeline/Pipeline::prepareDestination():142}()
#44 C:/Users/holan/OneDrive/Documentos/EV1-laravel-atomic-design/EV1-laravel/vendor/laravel/framework/src/Illuminate/Foundation/Http/Middleware/ConvertEmptyStringsToNull.php(31): Illuminate/Foundation/Http/Middleware/TransformsRequest->handle()
#45 C:/Users/holan/OneDrive/Documentos/EV1-laravel-atomic-design/EV1-laravel/vendor/laravel/framework/src/Illuminate/Pipeline/Pipeline.php(183): Illuminate/Foundation/Http/Middleware/ConvertEmptyStringsToNull->handle()
#46 C:/Users/holan/OneDrive/Documentos/EV1-laravel-atomic-design/EV1-laravel/vendor/laravel/framework/src/Illuminate/Foundation/Http/Middleware/ValidatePostSize.php(27): Illuminate/Pipeline/Pipeline->{closure:{closure:Illuminate/Pipeline/Pipeline::carry():158}:159}()
#47 C:/Users/holan/OneDrive/Documentos/EV1-laravel-atomic-design/EV1-laravel/vendor/laravel/framework/src/Illuminate/Pipeline/Pipeline.php(183): Illuminate/Foundation/Http/Middleware/ValidatePostSize->handle()
#48 C:/Users/holan/OneDrive/Documentos/EV1-laravel-atomic-design/EV1-laravel/vendor/laravel/framework/src/Illuminate/Foundation/Http/Middleware/PreventRequestsDuringMaintenance.php(99): Illuminate/Pipeline/Pipeline->{closure:{closure:Illuminate/Pipeline/Pipeline::carry():158}:159}()
#49 C:/Users/holan/OneDrive/Documentos/EV1-laravel-atomic-design/EV1-laravel/vendor/laravel/framework/src/Illuminate/Pipeline/Pipeline.php(183): Illuminate/Foundation/Http/Middleware/PreventRequestsDuringMaintenance->handle()
#50 C:/Users/holan/OneDrive/Documentos/EV1-laravel-atomic-design/EV1-laravel/vendor/laravel/framework/src/Illuminate/Pipeline/Pipeline.php(119): Illuminate/Pipeline/Pipeline->{closure:{closure:Illuminate/Pipeline/Pipeline::carry():158}:159}()
#51 C:/Users/holan/OneDrive/Documentos/EV1-laravel-atomic-design/EV1-laravel/vendor/laravel/framework/src/Illuminate/Foundation/Http/Kernel.php(175): Illuminate/Pipeline/Pipeline->then()
#52 C:/Users/holan/OneDrive/Documentos/EV1-laravel-atomic-design/EV1-laravel/vendor/laravel/framework/src/Illuminate/Foundation/Http/Kernel.php(144): Illuminate/Foundation/Http/Kernel->sendRequestThroughRouter()
#53 C:/Users/holan/OneDrive/Documentos/EV1-laravel-atomic-design/EV1-laravel/public/index.php(51): Illuminate/Foundation/Http/Kernel->handle()
#54 C:/Users/holan/OneDrive/Documentos/EV1-laravel-atomic-design/EV1-laravel/vendor/laravel/framework/src/Illuminate/Foundation/resources/server.php(16): require_once('...')
#55 {main}
"} 
[2026-08-13 13:08:55] local.ERROR: could not find driver (Connection: mysql, SQL: select count(*) as aggregate from `usuarios` where `correo` = juanpancho@gmail.com) {"exception":"[object] (Illuminate\\Database\\QueryException(code: 0): could not find driver (Connection: mysql, SQL: select count(*) as aggregate from `usuarios` where `correo` = juanpancho@gmail.com) at C:/Users/holan/OneDrive/Documentos/EV1-laravel-atomic-design/EV1-laravel/vendor/laravel/framework/src/Illuminate/Database/Connection.php:829)
[stacktrace]
#0 C:/Users/holan/OneDrive/Documentos/EV1-laravel-atomic-design/EV1-laravel/vendor/laravel/framework/src/Illuminate/Database/Connection.php(783): Illuminate/Database/Connection->runQueryCallback()
#1 C:/Users/holan/OneDrive/Documentos/EV1-laravel-atomic-design/EV1-laravel/vendor/laravel/framework/src/Illuminate/Database/Connection.php(414): Illuminate/Database/Connection->run()
#2 C:/Users/holan/OneDrive/Documentos/EV1-laravel-atomic-design/EV1-laravel/vendor/laravel/framework/src/Illuminate/Database/Query/Builder.php(2913): Illuminate/Database/Connection->select()
#3 C:/Users/holan/OneDrive/Documentos/EV1-laravel-atomic-design/EV1-laravel/vendor/laravel/framework/src/Illuminate/Database/Query/Builder.php(2902): Illuminate/Database/Query/Builder->runSelect()
#4 C:/Users/holan/OneDrive/Documentos/EV1-laravel-atomic-design/EV1-laravel/vendor/laravel/framework/src/Illuminate/Database/Query/Builder.php(3456): Illuminate/Database/Query/Builder->{closure:Illuminate/Database/Query/Builder::get():2901}()
#5 C:/Users/holan/OneDrive/Documentos/EV1-laravel-atomic-design/EV1-laravel/vendor/laravel/framework/src/Illuminate/Database/Query/Builder.php(2901): Illuminate/Database/Query/Builder->onceWithColumns()
#6 C:/Users/holan/OneDrive/Documentos/EV1-laravel-atomic-design/EV1-laravel/vendor/laravel/framework/src/Illuminate/Database/Query/Builder.php(3383): Illuminate/Database/Query/Builder->get()
#7 C:/Users/holan/OneDrive/Documentos/EV1-laravel-atomic-design/EV1-laravel/vendor/laravel/framework/src/Illuminate/Database/Query/Builder.php(3311): Illuminate/Database/Query/Builder->aggregate()
#8 C:/Users/holan/OneDrive/Documentos/EV1-laravel-atomic-design/EV1-laravel/vendor/laravel/framework/src/Illuminate/Validation/DatabasePresenceVerifier.php(54): Illuminate/Database/Query/Builder->count()
#9 C:/Users/holan/OneDrive/Documentos/EV1-laravel-atomic-design/EV1-laravel/vendor/laravel/framework/src/Illuminate/Validation/Concerns/ValidatesAttributes.php(948): Illuminate/Validation/DatabasePresenceVerifier->getCount()
#10 C:/Users/holan/OneDrive/Documentos/EV1-laravel-atomic-design/EV1-laravel/vendor/laravel/framework/src/Illuminate/Validation/Validator.php(660): Illuminate/Validation/Validator->validateUnique()
#11 C:/Users/holan/OneDrive/Documentos/EV1-laravel-atomic-design/EV1-laravel/vendor/laravel/framework/src/Illuminate/Validation/Validator.php(459): Illuminate/Validation/Validator->validateAttribute()
#12 C:/Users/holan/OneDrive/Documentos/EV1-laravel-atomic-design/EV1-laravel/vendor/laravel/framework/src/Illuminate/Validation/Validator.php(494): Illuminate/Validation/Validator->passes()
#13 C:/Users/holan/OneDrive/Documentos/EV1-laravel-atomic-design/EV1-laravel/app/Http/Controllers/AuthController.php(44): Illuminate/Validation/Validator->fails()
#14 C:/Users/holan/OneDrive/Documentos/EV1-laravel-atomic-design/EV1-laravel/vendor/laravel/framework/src/Illuminate/Routing/ControllerDispatcher.php(46): App/Http/Controllers/AuthController->register()
#15 C:/Users/holan/OneDrive/Documentos/EV1-laravel-atomic-design/EV1-laravel/vendor/laravel/framework/src/Illuminate/Routing/Route.php(259): Illuminate/Routing/ControllerDispatcher->dispatch()
#16 C:/Users/holan/OneDrive/Documentos/EV1-laravel-atomic-design/EV1-laravel/vendor/laravel/framework/src/Illuminate/Routing/Route.php(205): Illuminate/Routing/Route->runController()
#17 C:/Users/holan/OneDrive/Documentos/EV1-laravel-atomic-design/EV1-laravel/vendor/laravel/framework/src/Illuminate/Routing/Router.php(806): Illuminate/Routing/Route->run()
#18 C:/Users/holan/OneDrive/Documentos/EV1-laravel-atomic-design/EV1-laravel/vendor/laravel/framework/src/Illuminate/Pipeline/Pipeline.php(144): Illuminate/Routing/Router->{closure:Illuminate/Routing/Router::runRouteWithinStack():805}()
#19 C:/Users/holan/OneDrive/Documentos/EV1-laravel-atomic-design/EV1-laravel/vendor/laravel/framework/src/Illuminate/Routing/Middleware/SubstituteBindings.php(50): Illuminate/Pipeline/Pipeline->{closure:Illuminate/Pipeline/Pipeline::prepareDestination():142}()
#20 C:/Users/holan/OneDrive/Documentos/EV1-laravel-atomic-design/EV1-laravel/vendor/laravel/framework/src/Illuminate/Pipeline/Pipeline.php(183): Illuminate/Routing/Middleware/SubstituteBindings->handle()
#21 C:/Users/holan/OneDrive/Documentos/EV1-laravel-atomic-design/EV1-laravel/vendor/laravel/framework/src/Illuminate/View/Middleware/ShareErrorsFromSession.php(49): Illuminate/Pipeline/Pipeline->{closure:{closure:Illuminate/Pipeline/Pipeline::carry():158}:159}()
#22 C:/Users/holan/OneDrive/Documentos/EV1-laravel-atomic-design/EV1-laravel/vendor/laravel/framework/src/Illuminate/Pipeline/Pipeline.php(183): Illuminate/View/Middleware/ShareErrorsFromSession->handle()
#23 C:/Users/holan/OneDrive/Documentos/EV1-laravel-atomic-design/EV1-laravel/vendor/laravel/framework/src/Illuminate/Session/Middleware/StartSession.php(121): Illuminate/Pipeline/Pipeline->{closure:{closure:Illuminate/Pipeline/Pipeline::carry():158}:159}()
#24 C:/Users/holan/OneDrive/Documentos/EV1-laravel-atomic-design/EV1-laravel/vendor/laravel/framework/src/Illuminate/Session/Middleware/StartSession.php(64): Illuminate/Session/Middleware/StartSession->handleStatefulRequest()
#25 C:/Users/holan/OneDrive/Documentos/EV1-laravel-atomic-design/EV1-laravel/vendor/laravel/framework/src/Illuminate/Pipeline/Pipeline.php(183): Illuminate/Session/Middleware/StartSession->handle()
#26 C:/Users/holan/OneDrive/Documentos/EV1-laravel-atomic-design/EV1-laravel/vendor/laravel/framework/src/Illuminate/Cookie/Middleware/AddQueuedCookiesToResponse.php(37): Illuminate/Pipeline/Pipeline->{closure:{closure:Illuminate/Pipeline/Pipeline::carry():158}:159}()
#27 C:/Users/holan/OneDrive/Documentos/EV1-laravel-atomic-design/EV1-laravel/vendor/laravel/framework/src/Illuminate/Pipeline/Pipeline.php(183): Illuminate/Cookie/Middleware/AddQueuedCookiesToResponse->handle()
#28 C:/Users/holan/OneDrive/Documentos/EV1-laravel-atomic-design/EV1-laravel/vendor/laravel/framework/src/Illuminate/Cookie/Middleware/EncryptCookies.php(67): Illuminate/Pipeline/Pipeline->{closure:{closure:Illuminate/Pipeline/Pipeline::carry():158}:159}()
#29 C:/Users/holan/OneDrive/Documentos/EV1-laravel-atomic-design/EV1-laravel/vendor/laravel/framework/src/Illuminate/Pipeline/Pipeline.php(183): Illuminate/Cookie/Middleware/EncryptCookies->handle()
#30 C:/Users/holan/OneDrive/Documentos/EV1-laravel-atomic-design/EV1-laravel/vendor/laravel/framework/src/Illuminate/Pipeline/Pipeline.php(119): Illuminate/Pipeline/Pipeline->{closure:{closure:Illuminate/Pipeline/Pipeline::carry():158}:159}()
#31 C:/Users/holan/OneDrive/Documentos/EV1-laravel-atomic-design/EV1-laravel/vendor/laravel/framework/src/Illuminate/Routing/Router.php(805): Illuminate/Pipeline/Pipeline->then()
#32 C:/Users/holan/OneDrive/Documentos/EV1-laravel-atomic-design/EV1-laravel/vendor/laravel/framework/src/Illuminate/Routing/Router.php(784): Illuminate/Routing/Router->runRouteWithinStack()
#33 C:/Users/holan/OneDrive/Documentos/EV1-laravel-atomic-design/EV1-laravel/vendor/laravel/framework/src/Illuminate/Routing/Router.php(748): Illuminate/Routing/Router->runRoute()
#34 C:/Users/holan/OneDrive/Documentos/EV1-laravel-atomic-design/EV1-laravel/vendor/laravel/framework/src/Illuminate/Routing/Router.php(737): Illuminate/Routing/Router->dispatchToRoute()
#35 C:/Users/holan/OneDrive/Documentos/EV1-laravel-atomic-design/EV1-laravel/vendor/laravel/framework/src/Illuminate/Foundation/Http/Kernel.php(200): Illuminate/Routing/Router->dispatch()
#36 C:/Users/holan/OneDrive/Documentos/EV1-laravel-atomic-design/EV1-laravel/vendor/laravel/framework/src/Illuminate/Pipeline/Pipeline.php(144): Illuminate/Foundation/Http/Kernel->{closure:Illuminate/Foundation/Http/Kernel::dispatchToRouter():197}()
#37 C:/Users/holan/OneDrive/Documentos/EV1-laravel-atomic-design/EV1-laravel/vendor/laravel/framework/src/Illuminate/Foundation/Http/Middleware/TransformsRequest.php(21): Illuminate/Pipeline/Pipeline->{closure:Illuminate/Pipeline/Pipeline::prepareDestination():142}()
#38 C:/Users/holan/OneDrive/Documentos/EV1-laravel-atomic-design/EV1-laravel/vendor/laravel/framework/src/Illuminate/Foundation/Http/Middleware/ConvertEmptyStringsToNull.php(31): Illuminate/Foundation/Http/Middleware/TransformsRequest->handle()
#39 C:/Users/holan/OneDrive/Documentos/EV1-laravel-atomic-design/EV1-laravel/vendor/laravel/framework/src/Illuminate/Pipeline/Pipeline.php(183): Illuminate/Foundation/Http/Middleware/ConvertEmptyStringsToNull->handle()
#40 C:/Users/holan/OneDrive/Documentos/EV1-laravel-atomic-design/EV1-laravel/vendor/laravel/framework/src/Illuminate/Foundation/Http/Middleware/ValidatePostSize.php(27): Illuminate/Pipeline/Pipeline->{closure:{closure:Illuminate/Pipeline/Pipeline::carry():158}:159}()
#41 C:/Users/holan/OneDrive/Documentos/EV1-laravel-atomic-design/EV1-laravel/vendor/laravel/framework/src/Illuminate/Pipeline/Pipeline.php(183): Illuminate/Foundation/Http/Middleware/ValidatePostSize->handle()
#42 C:/Users/holan/OneDrive/Documentos/EV1-laravel-atomic-design/EV1-laravel/vendor/laravel/framework/src/Illuminate/Foundation/Http/Middleware/PreventRequestsDuringMaintenance.php(99): Illuminate/Pipeline/Pipeline->{closure:{closure:Illuminate/Pipeline/Pipeline::carry():158}:159}()
#43 C:/Users/holan/OneDrive/Documentos/EV1-laravel-atomic-design/EV1-laravel/vendor/laravel/framework/src/Illuminate/Pipeline/Pipeline.php(183): Illuminate/Foundation/Http/Middleware/PreventRequestsDuringMaintenance->handle()
#44 C:/Users/holan/OneDrive/Documentos/EV1-laravel-atomic-design/EV1-laravel/vendor/laravel/framework/src/Illuminate/Pipeline/Pipeline.php(119): Illuminate/Pipeline/Pipeline->{closure:{closure:Illuminate/Pipeline/Pipeline::carry():158}:159}()
#45 C:/Users/holan/OneDrive/Documentos/EV1-laravel-atomic-design/EV1-laravel/vendor/laravel/framework/src/Illuminate/Foundation/Http/Kernel.php(175): Illuminate/Pipeline/Pipeline->then()
#46 C:/Users/holan/OneDrive/Documentos/EV1-laravel-atomic-design/EV1-laravel/vendor/laravel/framework/src/Illuminate/Foundation/Http/Kernel.php(144): Illuminate/Foundation/Http/Kernel->sendRequestThroughRouter()
#47 C:/Users/holan/OneDrive/Documentos/EV1-laravel-atomic-design/EV1-laravel/public/index.php(51): Illuminate/Foundation/Http/Kernel->handle()
#48 C:/Users/holan/OneDrive/Documentos/EV1-laravel-atomic-design/EV1-laravel/vendor/laravel/framework/src/Illuminate/Foundation/resources/server.php(16): require_once('...')
#49 {main}

[previous exception] [object] (PDOException(code: 0): could not find driver at C:/Users/holan/OneDrive/Documentos/EV1-laravel-atomic-design/EV1-laravel/vendor/laravel/framework/src/Illuminate/Database/Connectors/Connector.php:65)
[stacktrace]
#0 C:/Users/holan/OneDrive/Documentos/EV1-laravel-atomic-design/EV1-laravel/vendor/laravel/framework/src/Illuminate/Database/Connectors/Connector.php(65): PDO->__construct()
#1 C:/Users/holan/OneDrive/Documentos/EV1-laravel-atomic-design/EV1-laravel/vendor/laravel/framework/src/Illuminate/Database/Connectors/Connector.php(44): Illuminate/Database/Connectors/Connector->createPdoConnection()
#2 C:/Users/holan/OneDrive/Documentos/EV1-laravel-atomic-design/EV1-laravel/vendor/laravel/framework/src/Illuminate/Database/Connectors/MySqlConnector.php(24): Illuminate/Database/Connectors/Connector->createConnection()
#3 C:/Users/holan/OneDrive/Documentos/EV1-laravel-atomic-design/EV1-laravel/vendor/laravel/framework/src/Illuminate/Database/Connectors/ConnectionFactory.php(184): Illuminate/Database/Connectors/MySqlConnector->connect()
#4 [internal function]: Illuminate/Database/Connectors/ConnectionFactory->{closure:Illuminate/Database/Connectors/ConnectionFactory::createPdoResolverWithHosts():179}()
#5 C:/Users/holan/OneDrive/Documentos/EV1-laravel-atomic-design/EV1-laravel/vendor/laravel/framework/src/Illuminate/Database/Connection.php(1339): call_user_func()
#6 C:/Users/holan/OneDrive/Documentos/EV1-laravel-atomic-design/EV1-laravel/vendor/laravel/framework/src/Illuminate/Database/Connection.php(528): Illuminate/Database/Connection->getPdo()
#7 C:/Users/holan/OneDrive/Documentos/EV1-laravel-atomic-design/EV1-laravel/vendor/laravel/framework/src/Illuminate/Database/Connection.php(423): Illuminate/Database/Connection->getPdoForSelect()
#8 C:/Users/holan/OneDrive/Documentos/EV1-laravel-atomic-design/EV1-laravel/vendor/laravel/framework/src/Illuminate/Database/Connection.php(816): Illuminate/Database/Connection->{closure:Illuminate/Database/Connection::select():414}()
#9 C:/Users/holan/OneDrive/Documentos/EV1-laravel-atomic-design/EV1-laravel/vendor/laravel/framework/src/Illuminate/Database/Connection.php(783): Illuminate/Database/Connection->runQueryCallback()
#10 C:/Users/holan/OneDrive/Documentos/EV1-laravel-atomic-design/EV1-laravel/vendor/laravel/framework/src/Illuminate/Database/Connection.php(414): Illuminate/Database/Connection->run()
#11 C:/Users/holan/OneDrive/Documentos/EV1-laravel-atomic-design/EV1-laravel/vendor/laravel/framework/src/Illuminate/Database/Query/Builder.php(2913): Illuminate/Database/Connection->select()
#12 C:/Users/holan/OneDrive/Documentos/EV1-laravel-atomic-design/EV1-laravel/vendor/laravel/framework/src/Illuminate/Database/Query/Builder.php(2902): Illuminate/Database/Query/Builder->runSelect()
#13 C:/Users/holan/OneDrive/Documentos/EV1-laravel-atomic-design/EV1-laravel/vendor/laravel/framework/src/Illuminate/Database/Query/Builder.php(3456): Illuminate/Database/Query/Builder->{closure:Illuminate/Database/Query/Builder::get():2901}()
#14 C:/Users/holan/OneDrive/Documentos/EV1-laravel-atomic-design/EV1-laravel/vendor/laravel/framework/src/Illuminate/Database/Query/Builder.php(2901): Illuminate/Database/Query/Builder->onceWithColumns()
#15 C:/Users/holan/OneDrive/Documentos/EV1-laravel-atomic-design/EV1-laravel/vendor/laravel/framework/src/Illuminate/Database/Query/Builder.php(3383): Illuminate/Database/Query/Builder->get()
#16 C:/Users/holan/OneDrive/Documentos/EV1-laravel-atomic-design/EV1-laravel/vendor/laravel/framework/src/Illuminate/Database/Query/Builder.php(3311): Illuminate/Database/Query/Builder->aggregate()
#17 C:/Users/holan/OneDrive/Documentos/EV1-laravel-atomic-design/EV1-laravel/vendor/laravel/framework/src/Illuminate/Validation/DatabasePresenceVerifier.php(54): Illuminate/Database/Query/Builder->count()
#18 C:/Users/holan/OneDrive/Documentos/EV1-laravel-atomic-design/EV1-laravel/vendor/laravel/framework/src/Illuminate/Validation/Concerns/ValidatesAttributes.php(948): Illuminate/Validation/DatabasePresenceVerifier->getCount()
#19 C:/Users/holan/OneDrive/Documentos/EV1-laravel-atomic-design/EV1-laravel/vendor/laravel/framework/src/Illuminate/Validation/Validator.php(660): Illuminate/Validation/Validator->validateUnique()
#20 C:/Users/holan/OneDrive/Documentos/EV1-laravel-atomic-design/EV1-laravel/vendor/laravel/framework/src/Illuminate/Validation/Validator.php(459): Illuminate/Validation/Validator->validateAttribute()
#21 C:/Users/holan/OneDrive/Documentos/EV1-laravel-atomic-design/EV1-laravel/vendor/laravel/framework/src/Illuminate/Validation/Validator.php(494): Illuminate/Validation/Validator->passes()
#22 C:/Users/holan/OneDrive/Documentos/EV1-laravel-atomic-design/EV1-laravel/app/Http/Controllers/AuthController.php(44): Illuminate/Validation/Validator->fails()
#23 C:/Users/holan/OneDrive/Documentos/EV1-laravel-atomic-design/EV1-laravel/vendor/laravel/framework/src/Illuminate/Routing/ControllerDispatcher.php(46): App/Http/Controllers/AuthController->register()
#24 C:/Users/holan/OneDrive/Documentos/EV1-laravel-atomic-design/EV1-laravel/vendor/laravel/framework/src/Illuminate/Routing/Route.php(259): Illuminate/Routing/ControllerDispatcher->dispatch()
#25 C:/Users/holan/OneDrive/Documentos/EV1-laravel-atomic-design/EV1-laravel/vendor/laravel/framework/src/Illuminate/Routing/Route.php(205): Illuminate/Routing/Route->runController()
#26 C:/Users/holan/OneDrive/Documentos/EV1-laravel-atomic-design/EV1-laravel/vendor/laravel/framework/src/Illuminate/Routing/Router.php(806): Illuminate/Routing/Route->run()
#27 C:/Users/holan/OneDrive/Documentos/EV1-laravel-atomic-design/EV1-laravel/vendor/laravel/framework/src/Illuminate/Pipeline/Pipeline.php(144): Illuminate/Routing/Router->{closure:Illuminate/Routing/Router::runRouteWithinStack():805}()
#28 C:/Users/holan/OneDrive/Documentos/EV1-laravel-atomic-design/EV1-laravel/vendor/laravel/framework/src/Illuminate/Routing/Middleware/SubstituteBindings.php(50): Illuminate/Pipeline/Pipeline->{closure:Illuminate/Pipeline/Pipeline::prepareDestination():142}()
#29 C:/Users/holan/OneDrive/Documentos/EV1-laravel-atomic-design/EV1-laravel/vendor/laravel/framework/src/Illuminate/Pipeline/Pipeline.php(183): Illuminate/Routing/Middleware/SubstituteBindings->handle()
#30 C:/Users/holan/OneDrive/Documentos/EV1-laravel-atomic-design/EV1-laravel/vendor/laravel/framework/src/Illuminate/View/Middleware/ShareErrorsFromSession.php(49): Illuminate/Pipeline/Pipeline->{closure:{closure:Illuminate/Pipeline/Pipeline::carry():158}:159}()
#31 C:/Users/holan/OneDrive/Documentos/EV1-laravel-atomic-design/EV1-laravel/vendor/laravel/framework/src/Illuminate/Pipeline/Pipeline.php(183): Illuminate/View/Middleware/ShareErrorsFromSession->handle()
#32 C:/Users/holan/OneDrive/Documentos/EV1-laravel-atomic-design/EV1-laravel/vendor/laravel/framework/src/Illuminate/Session/Middleware/StartSession.php(121): Illuminate/Pipeline/Pipeline->{closure:{closure:Illuminate/Pipeline/Pipeline::carry():158}:159}()
#33 C:/Users/holan/OneDrive/Documentos/EV1-laravel-atomic-design/EV1-laravel/vendor/laravel/framework/src/Illuminate/Session/Middleware/StartSession.php(64): Illuminate/Session/Middleware/StartSession->handleStatefulRequest()
#34 C:/Users/holan/OneDrive/Documentos/EV1-laravel-atomic-design/EV1-laravel/vendor/laravel/framework/src/Illuminate/Pipeline/Pipeline.php(183): Illuminate/Session/Middleware/StartSession->handle()
#35 C:/Users/holan/OneDrive/Documentos/EV1-laravel-atomic-design/EV1-laravel/vendor/laravel/framework/src/Illuminate/Cookie/Middleware/AddQueuedCookiesToResponse.php(37): Illuminate/Pipeline/Pipeline->{closure:{closure:Illuminate/Pipeline/Pipeline::carry():158}:159}()
#36 C:/Users/holan/OneDrive/Documentos/EV1-laravel-atomic-design/EV1-laravel/vendor/laravel/framework/src/Illuminate/Pipeline/Pipeline.php(183): Illuminate/Cookie/Middleware/AddQueuedCookiesToResponse->handle()
#37 C:/Users/holan/OneDrive/Documentos/EV1-laravel-atomic-design/EV1-laravel/vendor/laravel/framework/src/Illuminate/Cookie/Middleware/EncryptCookies.php(67): Illuminate/Pipeline/Pipeline->{closure:{closure:Illuminate/Pipeline/Pipeline::carry():158}:159}()
#38 C:/Users/holan/OneDrive/Documentos/EV1-laravel-atomic-design/EV1-laravel/vendor/laravel/framework/src/Illuminate/Pipeline/Pipeline.php(183): Illuminate/Cookie/Middleware/EncryptCookies->handle()
#39 C:/Users/holan/OneDrive/Documentos/EV1-laravel-atomic-design/EV1-laravel/vendor/laravel/framework/src/Illuminate/Pipeline/Pipeline.php(119): Illuminate/Pipeline/Pipeline->{closure:{closure:Illuminate/Pipeline/Pipeline::carry():158}:159}()
#40 C:/Users/holan/OneDrive/Documentos/EV1-laravel-atomic-design/EV1-laravel/vendor/laravel/framework/src/Illuminate/Routing/Router.php(805): Illuminate/Pipeline/Pipeline->then()
#41 C:/Users/holan/OneDrive/Documentos/EV1-laravel-atomic-design/EV1-laravel/vendor/laravel/framework/src/Illuminate/Routing/Router.php(784): Illuminate/Routing/Router->runRouteWithinStack()
#42 C:/Users/holan/OneDrive/Documentos/EV1-laravel-atomic-design/EV1-laravel/vendor/laravel/framework/src/Illuminate/Routing/Router.php(748): Illuminate/Routing/Router->runRoute()
#43 C:/Users/holan/OneDrive/Documentos/EV1-laravel-atomic-design/EV1-laravel/vendor/laravel/framework/src/Illuminate/Routing/Router.php(737): Illuminate/Routing/Router->dispatchToRoute()
#44 C:/Users/holan/OneDrive/Documentos/EV1-laravel-atomic-design/EV1-laravel/vendor/laravel/framework/src/Illuminate/Foundation/Http/Kernel.php(200): Illuminate/Routing/Router->dispatch()
#45 C:/Users/holan/OneDrive/Documentos/EV1-laravel-atomic-design/EV1-laravel/vendor/laravel/framework/src/Illuminate/Pipeline/Pipeline.php(144): Illuminate/Foundation/Http/Kernel->{closure:Illuminate/Foundation/Http/Kernel::dispatchToRouter():197}()
#46 C:/Users/holan/OneDrive/Documentos/EV1-laravel-atomic-design/EV1-laravel/vendor/laravel/framework/src/Illuminate/Foundation/Http/Middleware/TransformsRequest.php(21): Illuminate/Pipeline/Pipeline->{closure:Illuminate/Pipeline/Pipeline::prepareDestination():142}()
#47 C:/Users/holan/OneDrive/Documentos/EV1-laravel-atomic-design/EV1-laravel/vendor/laravel/framework/src/Illuminate/Foundation/Http/Middleware/ConvertEmptyStringsToNull.php(31): Illuminate/Foundation/Http/Middleware/TransformsRequest->handle()
#48 C:/Users/holan/OneDrive/Documentos/EV1-laravel-atomic-design/EV1-laravel/vendor/laravel/framework/src/Illuminate/Pipeline/Pipeline.php(183): Illuminate/Foundation/Http/Middleware/ConvertEmptyStringsToNull->handle()
#49 C:/Users/holan/OneDrive/Documentos/EV1-laravel-atomic-design/EV1-laravel/vendor/laravel/framework/src/Illuminate/Foundation/Http/Middleware/ValidatePostSize.php(27): Illuminate/Pipeline/Pipeline->{closure:{closure:Illuminate/Pipeline/Pipeline::carry():158}:159}()
#50 C:/Users/holan/OneDrive/Documentos/EV1-laravel-atomic-design/EV1-laravel/vendor/laravel/framework/src/Illuminate/Pipeline/Pipeline.php(183): Illuminate/Foundation/Http/Middleware/ValidatePostSize->handle()
#51 C:/Users/holan/OneDrive/Documentos/EV1-laravel-atomic-design/EV1-laravel/vendor/laravel/framework/src/Illuminate/Foundation/Http/Middleware/PreventRequestsDuringMaintenance.php(99): Illuminate/Pipeline/Pipeline->{closure:{closure:Illuminate/Pipeline/Pipeline::carry():158}:159}()
#52 C:/Users/holan/OneDrive/Documentos/EV1-laravel-atomic-design/EV1-laravel/vendor/laravel/framework/src/Illuminate/Pipeline/Pipeline.php(183): Illuminate/Foundation/Http/Middleware/PreventRequestsDuringMaintenance->handle()
#53 C:/Users/holan/OneDrive/Documentos/EV1-laravel-atomic-design/EV1-laravel/vendor/laravel/framework/src/Illuminate/Pipeline/Pipeline.php(119): Illuminate/Pipeline/Pipeline->{closure:{closure:Illuminate/Pipeline/Pipeline::carry():158}:159}()
#54 C:/Users/holan/OneDrive/Documentos/EV1-laravel-atomic-design/EV1-laravel/vendor/laravel/framework/src/Illuminate/Foundation/Http/Kernel.php(175): Illuminate/Pipeline/Pipeline->then()
#55 C:/Users/holan/OneDrive/Documentos/EV1-laravel-atomic-design/EV1-laravel/vendor/laravel/framework/src/Illuminate/Foundation/Http/Kernel.php(144): Illuminate/Foundation/Http/Kernel->sendRequestThroughRouter()
#56 C:/Users/holan/OneDrive/Documentos/EV1-laravel-atomic-design/EV1-laravel/public/index.php(51): Illuminate/Foundation/Http/Kernel->handle()
#57 C:/Users/holan/OneDrive/Documentos/EV1-laravel-atomic-design/EV1-laravel/vendor/laravel/framework/src/Illuminate/Foundation/resources/server.php(16): require_once('...')
#58 {main}
"} 
[2026-08-13 13:16:59] local.ERROR: could not find driver (Connection: mysql, SQL: select * from `usuarios` where `correo` = juan@gmail.com limit 1) {"exception":"[object] (Illuminate\\Database\\QueryException(code: 0): could not find driver (Connection: mysql, SQL: select * from `usuarios` where `correo` = juan@gmail.com limit 1) at C:/Users/holan/OneDrive/Documentos/EV1-laravel-atomic-design/EV1-laravel/vendor/laravel/framework/src/Illuminate/Database/Connection.php:829)
[stacktrace]
#0 C:/Users/holan/OneDrive/Documentos/EV1-laravel-atomic-design/EV1-laravel/vendor/laravel/framework/src/Illuminate/Database/Connection.php(783): Illuminate/Database/Connection->runQueryCallback()
#1 C:/Users/holan/OneDrive/Documentos/EV1-laravel-atomic-design/EV1-laravel/vendor/laravel/framework/src/Illuminate/Database/Connection.php(414): Illuminate/Database/Connection->run()
#2 C:/Users/holan/OneDrive/Documentos/EV1-laravel-atomic-design/EV1-laravel/vendor/laravel/framework/src/Illuminate/Database/Query/Builder.php(2913): Illuminate/Database/Connection->select()
#3 C:/Users/holan/OneDrive/Documentos/EV1-laravel-atomic-design/EV1-laravel/vendor/laravel/framework/src/Illuminate/Database/Query/Builder.php(2902): Illuminate/Database/Query/Builder->runSelect()
#4 C:/Users/holan/OneDrive/Documentos/EV1-laravel-atomic-design/EV1-laravel/vendor/laravel/framework/src/Illuminate/Database/Query/Builder.php(3456): Illuminate/Database/Query/Builder->{closure:Illuminate/Database/Query/Builder::get():2901}()
#5 C:/Users/holan/OneDrive/Documentos/EV1-laravel-atomic-design/EV1-laravel/vendor/laravel/framework/src/Illuminate/Database/Query/Builder.php(2901): Illuminate/Database/Query/Builder->onceWithColumns()
#6 C:/Users/holan/OneDrive/Documentos/EV1-laravel-atomic-design/EV1-laravel/vendor/laravel/framework/src/Illuminate/Database/Eloquent/Builder.php(739): Illuminate/Database/Query/Builder->get()
#7 C:/Users/holan/OneDrive/Documentos/EV1-laravel-atomic-design/EV1-laravel/vendor/laravel/framework/src/Illuminate/Database/Eloquent/Builder.php(723): Illuminate/Database/Eloquent/Builder->getModels()
#8 C:/Users/holan/OneDrive/Documentos/EV1-laravel-atomic-design/EV1-laravel/vendor/laravel/framework/src/Illuminate/Database/Concerns/BuildsQueries.php(333): Illuminate/Database/Eloquent/Builder->get()
#9 C:/Users/holan/OneDrive/Documentos/EV1-laravel-atomic-design/EV1-laravel/app/Http/Controllers/AuthController.php(86): Illuminate/Database/Eloquent/Builder->first()
#10 C:/Users/holan/OneDrive/Documentos/EV1-laravel-atomic-design/EV1-laravel/vendor/laravel/framework/src/Illuminate/Routing/ControllerDispatcher.php(46): App/Http/Controllers/AuthController->login()
#11 C:/Users/holan/OneDrive/Documentos/EV1-laravel-atomic-design/EV1-laravel/vendor/laravel/framework/src/Illuminate/Routing/Route.php(259): Illuminate/Routing/ControllerDispatcher->dispatch()
#12 C:/Users/holan/OneDrive/Documentos/EV1-laravel-atomic-design/EV1-laravel/vendor/laravel/framework/src/Illuminate/Routing/Route.php(205): Illuminate/Routing/Route->runController()
#13 C:/Users/holan/OneDrive/Documentos/EV1-laravel-atomic-design/EV1-laravel/vendor/laravel/framework/src/Illuminate/Routing/Router.php(806): Illuminate/Routing/Route->run()
#14 C:/Users/holan/OneDrive/Documentos/EV1-laravel-atomic-design/EV1-laravel/vendor/laravel/framework/src/Illuminate/Pipeline/Pipeline.php(144): Illuminate/Routing/Router->{closure:Illuminate/Routing/Router::runRouteWithinStack():805}()
#15 C:/Users/holan/OneDrive/Documentos/EV1-laravel-atomic-design/EV1-laravel/vendor/laravel/framework/src/Illuminate/Routing/Middleware/SubstituteBindings.php(50): Illuminate/Pipeline/Pipeline->{closure:Illuminate/Pipeline/Pipeline::prepareDestination():142}()
#16 C:/Users/holan/OneDrive/Documentos/EV1-laravel-atomic-design/EV1-laravel/vendor/laravel/framework/src/Illuminate/Pipeline/Pipeline.php(183): Illuminate/Routing/Middleware/SubstituteBindings->handle()
#17 C:/Users/holan/OneDrive/Documentos/EV1-laravel-atomic-design/EV1-laravel/vendor/laravel/framework/src/Illuminate/View/Middleware/ShareErrorsFromSession.php(49): Illuminate/Pipeline/Pipeline->{closure:{closure:Illuminate/Pipeline/Pipeline::carry():158}:159}()
#18 C:/Users/holan/OneDrive/Documentos/EV1-laravel-atomic-design/EV1-laravel/vendor/laravel/framework/src/Illuminate/Pipeline/Pipeline.php(183): Illuminate/View/Middleware/ShareErrorsFromSession->handle()
#19 C:/Users/holan/OneDrive/Documentos/EV1-laravel-atomic-design/EV1-laravel/vendor/laravel/framework/src/Illuminate/Session/Middleware/StartSession.php(121): Illuminate/Pipeline/Pipeline->{closure:{closure:Illuminate/Pipeline/Pipeline::carry():158}:159}()
#20 C:/Users/holan/OneDrive/Documentos/EV1-laravel-atomic-design/EV1-laravel/vendor/laravel/framework/src/Illuminate/Session/Middleware/StartSession.php(64): Illuminate/Session/Middleware/StartSession->handleStatefulRequest()
#21 C:/Users/holan/OneDrive/Documentos/EV1-laravel-atomic-design/EV1-laravel/vendor/laravel/framework/src/Illuminate/Pipeline/Pipeline.php(183): Illuminate/Session/Middleware/StartSession->handle()
#22 C:/Users/holan/OneDrive/Documentos/EV1-laravel-atomic-design/EV1-laravel/vendor/laravel/framework/src/Illuminate/Cookie/Middleware/AddQueuedCookiesToResponse.php(37): Illuminate/Pipeline/Pipeline->{closure:{closure:Illuminate/Pipeline/Pipeline::carry():158}:159}()
#23 C:/Users/holan/OneDrive/Documentos/EV1-laravel-atomic-design/EV1-laravel/vendor/laravel/framework/src/Illuminate/Pipeline/Pipeline.php(183): Illuminate/Cookie/Middleware/AddQueuedCookiesToResponse->handle()
#24 C:/Users/holan/OneDrive/Documentos/EV1-laravel-atomic-design/EV1-laravel/vendor/laravel/framework/src/Illuminate/Cookie/Middleware/EncryptCookies.php(67): Illuminate/Pipeline/Pipeline->{closure:{closure:Illuminate/Pipeline/Pipeline::carry():158}:159}()
#25 C:/Users/holan/OneDrive/Documentos/EV1-laravel-atomic-design/EV1-laravel/vendor/laravel/framework/src/Illuminate/Pipeline/Pipeline.php(183): Illuminate/Cookie/Middleware/EncryptCookies->handle()
#26 C:/Users/holan/OneDrive/Documentos/EV1-laravel-atomic-design/EV1-laravel/vendor/laravel/framework/src/Illuminate/Pipeline/Pipeline.php(119): Illuminate/Pipeline/Pipeline->{closure:{closure:Illuminate/Pipeline/Pipeline::carry():158}:159}()
#27 C:/Users/holan/OneDrive/Documentos/EV1-laravel-atomic-design/EV1-laravel/vendor/laravel/framework/src/Illuminate/Routing/Router.php(805): Illuminate/Pipeline/Pipeline->then()
#28 C:/Users/holan/OneDrive/Documentos/EV1-laravel-atomic-design/EV1-laravel/vendor/laravel/framework/src/Illuminate/Routing/Router.php(784): Illuminate/Routing/Router->runRouteWithinStack()
#29 C:/Users/holan/OneDrive/Documentos/EV1-laravel-atomic-design/EV1-laravel/vendor/laravel/framework/src/Illuminate/Routing/Router.php(748): Illuminate/Routing/Router->runRoute()
#30 C:/Users/holan/OneDrive/Documentos/EV1-laravel-atomic-design/EV1-laravel/vendor/laravel/framework/src/Illuminate/Routing/Router.php(737): Illuminate/Routing/Router->dispatchToRoute()
#31 C:/Users/holan/OneDrive/Documentos/EV1-laravel-atomic-design/EV1-laravel/vendor/laravel/framework/src/Illuminate/Foundation/Http/Kernel.php(200): Illuminate/Routing/Router->dispatch()
#32 C:/Users/holan/OneDrive/Documentos/EV1-laravel-atomic-design/EV1-laravel/vendor/laravel/framework/src/Illuminate/Pipeline/Pipeline.php(144): Illuminate/Foundation/Http/Kernel->{closure:Illuminate/Foundation/Http/Kernel::dispatchToRouter():197}()
#33 C:/Users/holan/OneDrive/Documentos/EV1-laravel-atomic-design/EV1-laravel/vendor/laravel/framework/src/Illuminate/Foundation/Http/Middleware/TransformsRequest.php(21): Illuminate/Pipeline/Pipeline->{closure:Illuminate/Pipeline/Pipeline::prepareDestination():142}()
#34 C:/Users/holan/OneDrive/Documentos/EV1-laravel-atomic-design/EV1-laravel/vendor/laravel/framework/src/Illuminate/Foundation/Http/Middleware/ConvertEmptyStringsToNull.php(31): Illuminate/Foundation/Http/Middleware/TransformsRequest->handle()
#35 C:/Users/holan/OneDrive/Documentos/EV1-laravel-atomic-design/EV1-laravel/vendor/laravel/framework/src/Illuminate/Pipeline/Pipeline.php(183): Illuminate/Foundation/Http/Middleware/ConvertEmptyStringsToNull->handle()
#36 C:/Users/holan/OneDrive/Documentos/EV1-laravel-atomic-design/EV1-laravel/vendor/laravel/framework/src/Illuminate/Foundation/Http/Middleware/ValidatePostSize.php(27): Illuminate/Pipeline/Pipeline->{closure:{closure:Illuminate/Pipeline/Pipeline::carry():158}:159}()
#37 C:/Users/holan/OneDrive/Documentos/EV1-laravel-atomic-design/EV1-laravel/vendor/laravel/framework/src/Illuminate/Pipeline/Pipeline.php(183): Illuminate/Foundation/Http/Middleware/ValidatePostSize->handle()
#38 C:/Users/holan/OneDrive/Documentos/EV1-laravel-atomic-design/EV1-laravel/vendor/laravel/framework/src/Illuminate/Foundation/Http/Middleware/PreventRequestsDuringMaintenance.php(99): Illuminate/Pipeline/Pipeline->{closure:{closure:Illuminate/Pipeline/Pipeline::carry():158}:159}()
#39 C:/Users/holan/OneDrive/Documentos/EV1-laravel-atomic-design/EV1-laravel/vendor/laravel/framework/src/Illuminate/Pipeline/Pipeline.php(183): Illuminate/Foundation/Http/Middleware/PreventRequestsDuringMaintenance->handle()
#40 C:/Users/holan/OneDrive/Documentos/EV1-laravel-atomic-design/EV1-laravel/vendor/laravel/framework/src/Illuminate/Pipeline/Pipeline.php(119): Illuminate/Pipeline/Pipeline->{closure:{closure:Illuminate/Pipeline/Pipeline::carry():158}:159}()
#41 C:/Users/holan/OneDrive/Documentos/EV1-laravel-atomic-design/EV1-laravel/vendor/laravel/framework/src/Illuminate/Foundation/Http/Kernel.php(175): Illuminate/Pipeline/Pipeline->then()
#42 C:/Users/holan/OneDrive/Documentos/EV1-laravel-atomic-design/EV1-laravel/vendor/laravel/framework/src/Illuminate/Foundation/Http/Kernel.php(144): Illuminate/Foundation/Http/Kernel->sendRequestThroughRouter()
#43 C:/Users/holan/OneDrive/Documentos/EV1-laravel-atomic-design/EV1-laravel/public/index.php(51): Illuminate/Foundation/Http/Kernel->handle()
#44 C:/Users/holan/OneDrive/Documentos/EV1-laravel-atomic-design/EV1-laravel/vendor/laravel/framework/src/Illuminate/Foundation/resources/server.php(16): require_once('...')
#45 {main}

[previous exception] [object] (PDOException(code: 0): could not find driver at C:/Users/holan/OneDrive/Documentos/EV1-laravel-atomic-design/EV1-laravel/vendor/laravel/framework/src/Illuminate/Database/Connectors/Connector.php:65)
[stacktrace]
#0 C:/Users/holan/OneDrive/Documentos/EV1-laravel-atomic-design/EV1-laravel/vendor/laravel/framework/src/Illuminate/Database/Connectors/Connector.php(65): PDO->__construct()
#1 C:/Users/holan/OneDrive/Documentos/EV1-laravel-atomic-design/EV1-laravel/vendor/laravel/framework/src/Illuminate/Database/Connectors/Connector.php(44): Illuminate/Database/Connectors/Connector->createPdoConnection()
#2 C:/Users/holan/OneDrive/Documentos/EV1-laravel-atomic-design/EV1-laravel/vendor/laravel/framework/src/Illuminate/Database/Connectors/MySqlConnector.php(24): Illuminate/Database/Connectors/Connector->createConnection()
#3 C:/Users/holan/OneDrive/Documentos/EV1-laravel-atomic-design/EV1-laravel/vendor/laravel/framework/src/Illuminate/Database/Connectors/ConnectionFactory.php(184): Illuminate/Database/Connectors/MySqlConnector->connect()
#4 [internal function]: Illuminate/Database/Connectors/ConnectionFactory->{closure:Illuminate/Database/Connectors/ConnectionFactory::createPdoResolverWithHosts():179}()
#5 C:/Users/holan/OneDrive/Documentos/EV1-laravel-atomic-design/EV1-laravel/vendor/laravel/framework/src/Illuminate/Database/Connection.php(1339): call_user_func()
#6 C:/Users/holan/OneDrive/Documentos/EV1-laravel-atomic-design/EV1-laravel/vendor/laravel/framework/src/Illuminate/Database/Connection.php(1375): Illuminate/Database/Connection->getPdo()
#7 C:/Users/holan/OneDrive/Documentos/EV1-laravel-atomic-design/EV1-laravel/vendor/laravel/framework/src/Illuminate/Database/Connection.php(528): Illuminate/Database/Connection->getReadPdo()
#8 C:/Users/holan/OneDrive/Documentos/EV1-laravel-atomic-design/EV1-laravel/vendor/laravel/framework/src/Illuminate/Database/Connection.php(423): Illuminate/Database/Connection->getPdoForSelect()
#9 C:/Users/holan/OneDrive/Documentos/EV1-laravel-atomic-design/EV1-laravel/vendor/laravel/framework/src/Illuminate/Database/Connection.php(816): Illuminate/Database/Connection->{closure:Illuminate/Database/Connection::select():414}()
#10 C:/Users/holan/OneDrive/Documentos/EV1-laravel-atomic-design/EV1-laravel/vendor/laravel/framework/src/Illuminate/Database/Connection.php(783): Illuminate/Database/Connection->runQueryCallback()
#11 C:/Users/holan/OneDrive/Documentos/EV1-laravel-atomic-design/EV1-laravel/vendor/laravel/framework/src/Illuminate/Database/Connection.php(414): Illuminate/Database/Connection->run()
#12 C:/Users/holan/OneDrive/Documentos/EV1-laravel-atomic-design/EV1-laravel/vendor/laravel/framework/src/Illuminate/Database/Query/Builder.php(2913): Illuminate/Database/Connection->select()
#13 C:/Users/holan/OneDrive/Documentos/EV1-laravel-atomic-design/EV1-laravel/vendor/laravel/framework/src/Illuminate/Database/Query/Builder.php(2902): Illuminate/Database/Query/Builder->runSelect()
#14 C:/Users/holan/OneDrive/Documentos/EV1-laravel-atomic-design/EV1-laravel/vendor/laravel/framework/src/Illuminate/Database/Query/Builder.php(3456): Illuminate/Database/Query/Builder->{closure:Illuminate/Database/Query/Builder::get():2901}()
#15 C:/Users/holan/OneDrive/Documentos/EV1-laravel-atomic-design/EV1-laravel/vendor/laravel/framework/src/Illuminate/Database/Query/Builder.php(2901): Illuminate/Database/Query/Builder->onceWithColumns()
#16 C:/Users/holan/OneDrive/Documentos/EV1-laravel-atomic-design/EV1-laravel/vendor/laravel/framework/src/Illuminate/Database/Eloquent/Builder.php(739): Illuminate/Database/Query/Builder->get()
#17 C:/Users/holan/OneDrive/Documentos/EV1-laravel-atomic-design/EV1-laravel/vendor/laravel/framework/src/Illuminate/Database/Eloquent/Builder.php(723): Illuminate/Database/Eloquent/Builder->getModels()
#18 C:/Users/holan/OneDrive/Documentos/EV1-laravel-atomic-design/EV1-laravel/vendor/laravel/framework/src/Illuminate/Database/Concerns/BuildsQueries.php(333): Illuminate/Database/Eloquent/Builder->get()
#19 C:/Users/holan/OneDrive/Documentos/EV1-laravel-atomic-design/EV1-laravel/app/Http/Controllers/AuthController.php(86): Illuminate/Database/Eloquent/Builder->first()
#20 C:/Users/holan/OneDrive/Documentos/EV1-laravel-atomic-design/EV1-laravel/vendor/laravel/framework/src/Illuminate/Routing/ControllerDispatcher.php(46): App/Http/Controllers/AuthController->login()
#21 C:/Users/holan/OneDrive/Documentos/EV1-laravel-atomic-design/EV1-laravel/vendor/laravel/framework/src/Illuminate/Routing/Route.php(259): Illuminate/Routing/ControllerDispatcher->dispatch()
#22 C:/Users/holan/OneDrive/Documentos/EV1-laravel-atomic-design/EV1-laravel/vendor/laravel/framework/src/Illuminate/Routing/Route.php(205): Illuminate/Routing/Route->runController()
#23 C:/Users/holan/OneDrive/Documentos/EV1-laravel-atomic-design/EV1-laravel/vendor/laravel/framework/src/Illuminate/Routing/Router.php(806): Illuminate/Routing/Route->run()
#24 C:/Users/holan/OneDrive/Documentos/EV1-laravel-atomic-design/EV1-laravel/vendor/laravel/framework/src/Illuminate/Pipeline/Pipeline.php(144): Illuminate/Routing/Router->{closure:Illuminate/Routing/Router::runRouteWithinStack():805}()
#25 C:/Users/holan/OneDrive/Documentos/EV1-laravel-atomic-design/EV1-laravel/vendor/laravel/framework/src/Illuminate/Routing/Middleware/SubstituteBindings.php(50): Illuminate/Pipeline/Pipeline->{closure:Illuminate/Pipeline/Pipeline::prepareDestination():142}()
#26 C:/Users/holan/OneDrive/Documentos/EV1-laravel-atomic-design/EV1-laravel/vendor/laravel/framework/src/Illuminate/Pipeline/Pipeline.php(183): Illuminate/Routing/Middleware/SubstituteBindings->handle()
#27 C:/Users/holan/OneDrive/Documentos/EV1-laravel-atomic-design/EV1-laravel/vendor/laravel/framework/src/Illuminate/View/Middleware/ShareErrorsFromSession.php(49): Illuminate/Pipeline/Pipeline->{closure:{closure:Illuminate/Pipeline/Pipeline::carry():158}:159}()
#28 C:/Users/holan/OneDrive/Documentos/EV1-laravel-atomic-design/EV1-laravel/vendor/laravel/framework/src/Illuminate/Pipeline/Pipeline.php(183): Illuminate/View/Middleware/ShareErrorsFromSession->handle()
#29 C:/Users/holan/OneDrive/Documentos/EV1-laravel-atomic-design/EV1-laravel/vendor/laravel/framework/src/Illuminate/Session/Middleware/StartSession.php(121): Illuminate/Pipeline/Pipeline->{closure:{closure:Illuminate/Pipeline/Pipeline::carry():158}:159}()
#30 C:/Users/holan/OneDrive/Documentos/EV1-laravel-atomic-design/EV1-laravel/vendor/laravel/framework/src/Illuminate/Session/Middleware/StartSession.php(64): Illuminate/Session/Middleware/StartSession->handleStatefulRequest()
#31 C:/Users/holan/OneDrive/Documentos/EV1-laravel-atomic-design/EV1-laravel/vendor/laravel/framework/src/Illuminate/Pipeline/Pipeline.php(183): Illuminate/Session/Middleware/StartSession->handle()
#32 C:/Users/holan/OneDrive/Documentos/EV1-laravel-atomic-design/EV1-laravel/vendor/laravel/framework/src/Illuminate/Cookie/Middleware/AddQueuedCookiesToResponse.php(37): Illuminate/Pipeline/Pipeline->{closure:{closure:Illuminate/Pipeline/Pipeline::carry():158}:159}()
#33 C:/Users/holan/OneDrive/Documentos/EV1-laravel-atomic-design/EV1-laravel/vendor/laravel/framework/src/Illuminate/Pipeline/Pipeline.php(183): Illuminate/Cookie/Middleware/AddQueuedCookiesToResponse->handle()
#34 C:/Users/holan/OneDrive/Documentos/EV1-laravel-atomic-design/EV1-laravel/vendor/laravel/framework/src/Illuminate/Cookie/Middleware/EncryptCookies.php(67): Illuminate/Pipeline/Pipeline->{closure:{closure:Illuminate/Pipeline/Pipeline::carry():158}:159}()
#35 C:/Users/holan/OneDrive/Documentos/EV1-laravel-atomic-design/EV1-laravel/vendor/laravel/framework/src/Illuminate/Pipeline/Pipeline.php(183): Illuminate/Cookie/Middleware/EncryptCookies->handle()
#36 C:/Users/holan/OneDrive/Documentos/EV1-laravel-atomic-design/EV1-laravel/vendor/laravel/framework/src/Illuminate/Pipeline/Pipeline.php(119): Illuminate/Pipeline/Pipeline->{closure:{closure:Illuminate/Pipeline/Pipeline::carry():158}:159}()
#37 C:/Users/holan/OneDrive/Documentos/EV1-laravel-atomic-design/EV1-laravel/vendor/laravel/framework/src/Illuminate/Routing/Router.php(805): Illuminate/Pipeline/Pipeline->then()
#38 C:/Users/holan/OneDrive/Documentos/EV1-laravel-atomic-design/EV1-laravel/vendor/laravel/framework/src/Illuminate/Routing/Router.php(784): Illuminate/Routing/Router->runRouteWithinStack()
#39 C:/Users/holan/OneDrive/Documentos/EV1-laravel-atomic-design/EV1-laravel/vendor/laravel/framework/src/Illuminate/Routing/Router.php(748): Illuminate/Routing/Router->runRoute()
#40 C:/Users/holan/OneDrive/Documentos/EV1-laravel-atomic-design/EV1-laravel/vendor/laravel/framework/src/Illuminate/Routing/Router.php(737): Illuminate/Routing/Router->dispatchToRoute()
#41 C:/Users/holan/OneDrive/Documentos/EV1-laravel-atomic-design/EV1-laravel/vendor/laravel/framework/src/Illuminate/Foundation/Http/Kernel.php(200): Illuminate/Routing/Router->dispatch()
#42 C:/Users/holan/OneDrive/Documentos/EV1-laravel-atomic-design/EV1-laravel/vendor/laravel/framework/src/Illuminate/Pipeline/Pipeline.php(144): Illuminate/Foundation/Http/Kernel->{closure:Illuminate/Foundation/Http/Kernel::dispatchToRouter():197}()
#43 C:/Users/holan/OneDrive/Documentos/EV1-laravel-atomic-design/EV1-laravel/vendor/laravel/framework/src/Illuminate/Foundation/Http/Middleware/TransformsRequest.php(21): Illuminate/Pipeline/Pipeline->{closure:Illuminate/Pipeline/Pipeline::prepareDestination():142}()
#44 C:/Users/holan/OneDrive/Documentos/EV1-laravel-atomic-design/EV1-laravel/vendor/laravel/framework/src/Illuminate/Foundation/Http/Middleware/ConvertEmptyStringsToNull.php(31): Illuminate/Foundation/Http/Middleware/TransformsRequest->handle()
#45 C:/Users/holan/OneDrive/Documentos/EV1-laravel-atomic-design/EV1-laravel/vendor/laravel/framework/src/Illuminate/Pipeline/Pipeline.php(183): Illuminate/Foundation/Http/Middleware/ConvertEmptyStringsToNull->handle()
#46 C:/Users/holan/OneDrive/Documentos/EV1-laravel-atomic-design/EV1-laravel/vendor/laravel/framework/src/Illuminate/Foundation/Http/Middleware/ValidatePostSize.php(27): Illuminate/Pipeline/Pipeline->{closure:{closure:Illuminate/Pipeline/Pipeline::carry():158}:159}()
#47 C:/Users/holan/OneDrive/Documentos/EV1-laravel-atomic-design/EV1-laravel/vendor/laravel/framework/src/Illuminate/Pipeline/Pipeline.php(183): Illuminate/Foundation/Http/Middleware/ValidatePostSize->handle()
#48 C:/Users/holan/OneDrive/Documentos/EV1-laravel-atomic-design/EV1-laravel/vendor/laravel/framework/src/Illuminate/Foundation/Http/Middleware/PreventRequestsDuringMaintenance.php(99): Illuminate/Pipeline/Pipeline->{closure:{closure:Illuminate/Pipeline/Pipeline::carry():158}:159}()
#49 C:/Users/holan/OneDrive/Documentos/EV1-laravel-atomic-design/EV1-laravel/vendor/laravel/framework/src/Illuminate/Pipeline/Pipeline.php(183): Illuminate/Foundation/Http/Middleware/PreventRequestsDuringMaintenance->handle()
#50 C:/Users/holan/OneDrive/Documentos/EV1-laravel-atomic-design/EV1-laravel/vendor/laravel/framework/src/Illuminate/Pipeline/Pipeline.php(119): Illuminate/Pipeline/Pipeline->{closure:{closure:Illuminate/Pipeline/Pipeline::carry():158}:159}()
#51 C:/Users/holan/OneDrive/Documentos/EV1-laravel-atomic-design/EV1-laravel/vendor/laravel/framework/src/Illuminate/Foundation/Http/Kernel.php(175): Illuminate/Pipeline/Pipeline->then()
#52 C:/Users/holan/OneDrive/Documentos/EV1-laravel-atomic-design/EV1-laravel/vendor/laravel/framework/src/Illuminate/Foundation/Http/Kernel.php(144): Illuminate/Foundation/Http/Kernel->sendRequestThroughRouter()
#53 C:/Users/holan/OneDrive/Documentos/EV1-laravel-atomic-design/EV1-laravel/public/index.php(51): Illuminate/Foundation/Http/Kernel->handle()
#54 C:/Users/holan/OneDrive/Documentos/EV1-laravel-atomic-design/EV1-laravel/vendor/laravel/framework/src/Illuminate/Foundation/resources/server.php(16): require_once('...')
#55 {main}
"} 
[2026-08-13 13:24:54] local.ERROR: No application encryption key has been specified. {"exception":"[object] (Illuminate\\Encryption\\MissingAppKeyException(code: 0): No application encryption key has been specified. at C:/Users/holan/OneDrive/Documentos/EV1-laravel-atomic-design/EV1-laravel/vendor/laravel/framework/src/Illuminate/Encryption/EncryptionServiceProvider.php:79)
[stacktrace]
#0 C:/Users/holan/OneDrive/Documentos/EV1-laravel-atomic-design/EV1-laravel/vendor/laravel/framework/src/Illuminate/Support/helpers.php(320): Illuminate/Encryption/EncryptionServiceProvider->{closure:Illuminate/Encryption/EncryptionServiceProvider::key():77}()
#1 C:/Users/holan/OneDrive/Documentos/EV1-laravel-atomic-design/EV1-laravel/vendor/laravel/framework/src/Illuminate/Encryption/EncryptionServiceProvider.php(77): tap()
#2 C:/Users/holan/OneDrive/Documentos/EV1-laravel-atomic-design/EV1-laravel/vendor/laravel/framework/src/Illuminate/Encryption/EncryptionServiceProvider.php(60): Illuminate/Encryption/EncryptionServiceProvider->key()
#3 C:/Users/holan/OneDrive/Documentos/EV1-laravel-atomic-design/EV1-laravel/vendor/laravel/framework/src/Illuminate/Encryption/EncryptionServiceProvider.php(32): Illuminate/Encryption/EncryptionServiceProvider->parseKey()
#4 C:/Users/holan/OneDrive/Documentos/EV1-laravel-atomic-design/EV1-laravel/vendor/laravel/framework/src/Illuminate/Container/Container.php(908): Illuminate/Encryption/EncryptionServiceProvider->{closure:Illuminate/Encryption/EncryptionServiceProvider::registerEncrypter():29}()
#5 C:/Users/holan/OneDrive/Documentos/EV1-laravel-atomic-design/EV1-laravel/vendor/laravel/framework/src/Illuminate/Container/Container.php(795): Illuminate/Container/Container->build()
#6 C:/Users/holan/OneDrive/Documentos/EV1-laravel-atomic-design/EV1-laravel/vendor/laravel/framework/src/Illuminate/Foundation/Application.php(986): Illuminate/Container/Container->resolve()
#7 C:/Users/holan/OneDrive/Documentos/EV1-laravel-atomic-design/EV1-laravel/vendor/laravel/framework/src/Illuminate/Container/Container.php(731): Illuminate/Foundation/Application->resolve()
#8 C:/Users/holan/OneDrive/Documentos/EV1-laravel-atomic-design/EV1-laravel/vendor/laravel/framework/src/Illuminate/Foundation/Application.php(971): Illuminate/Container/Container->make()
#9 C:/Users/holan/OneDrive/Documentos/EV1-laravel-atomic-design/EV1-laravel/vendor/laravel/framework/src/Illuminate/Container/Container.php(1066): Illuminate/Foundation/Application->make()
#10 C:/Users/holan/OneDrive/Documentos/EV1-laravel-atomic-design/EV1-laravel/vendor/laravel/framework/src/Illuminate/Container/Container.php(982): Illuminate/Container/Container->resolveClass()
#11 C:/Users/holan/OneDrive/Documentos/EV1-laravel-atomic-design/EV1-laravel/vendor/laravel/framework/src/Illuminate/Container/Container.php(943): Illuminate/Container/Container->resolveDependencies()
#12 C:/Users/holan/OneDrive/Documentos/EV1-laravel-atomic-design/EV1-laravel/vendor/laravel/framework/src/Illuminate/Container/Container.php(795): Illuminate/Container/Container->build()
#13 C:/Users/holan/OneDrive/Documentos/EV1-laravel-atomic-design/EV1-laravel/vendor/laravel/framework/src/Illuminate/Foundation/Application.php(986): Illuminate/Container/Container->resolve()
#14 C:/Users/holan/OneDrive/Documentos/EV1-laravel-atomic-design/EV1-laravel/vendor/laravel/framework/src/Illuminate/Container/Container.php(731): Illuminate/Foundation/Application->resolve()
#15 C:/Users/holan/OneDrive/Documentos/EV1-laravel-atomic-design/EV1-laravel/vendor/laravel/framework/src/Illuminate/Foundation/Application.php(971): Illuminate/Container/Container->make()
#16 C:/Users/holan/OneDrive/Documentos/EV1-laravel-atomic-design/EV1-laravel/vendor/laravel/framework/src/Illuminate/Pipeline/Pipeline.php(172): Illuminate/Foundation/Application->make()
#17 C:/Users/holan/OneDrive/Documentos/EV1-laravel-atomic-design/EV1-laravel/vendor/laravel/framework/src/Illuminate/Pipeline/Pipeline.php(119): Illuminate/Pipeline/Pipeline->{closure:{closure:Illuminate/Pipeline/Pipeline::carry():158}:159}()
#18 C:/Users/holan/OneDrive/Documentos/EV1-laravel-atomic-design/EV1-laravel/vendor/laravel/framework/src/Illuminate/Routing/Router.php(805): Illuminate/Pipeline/Pipeline->then()
#19 C:/Users/holan/OneDrive/Documentos/EV1-laravel-atomic-design/EV1-laravel/vendor/laravel/framework/src/Illuminate/Routing/Router.php(784): Illuminate/Routing/Router->runRouteWithinStack()
#20 C:/Users/holan/OneDrive/Documentos/EV1-laravel-atomic-design/EV1-laravel/vendor/laravel/framework/src/Illuminate/Routing/Router.php(748): Illuminate/Routing/Router->runRoute()
#21 C:/Users/holan/OneDrive/Documentos/EV1-laravel-atomic-design/EV1-laravel/vendor/laravel/framework/src/Illuminate/Routing/Router.php(737): Illuminate/Routing/Router->dispatchToRoute()
#22 C:/Users/holan/OneDrive/Documentos/EV1-laravel-atomic-design/EV1-laravel/vendor/laravel/framework/src/Illuminate/Foundation/Http/Kernel.php(200): Illuminate/Routing/Router->dispatch()
#23 C:/Users/holan/OneDrive/Documentos/EV1-laravel-atomic-design/EV1-laravel/vendor/laravel/framework/src/Illuminate/Pipeline/Pipeline.php(144): Illuminate/Foundation/Http/Kernel->{closure:Illuminate/Foundation/Http/Kernel::dispatchToRouter():197}()
#24 C:/Users/holan/OneDrive/Documentos/EV1-laravel-atomic-design/EV1-laravel/vendor/laravel/framework/src/Illuminate/Foundation/Http/Middleware/TransformsRequest.php(21): Illuminate/Pipeline/Pipeline->{closure:Illuminate/Pipeline/Pipeline::prepareDestination():142}()
#25 C:/Users/holan/OneDrive/Documentos/EV1-laravel-atomic-design/EV1-laravel/vendor/laravel/framework/src/Illuminate/Foundation/Http/Middleware/ConvertEmptyStringsToNull.php(31): Illuminate/Foundation/Http/Middleware/TransformsRequest->handle()
#26 C:/Users/holan/OneDrive/Documentos/EV1-laravel-atomic-design/EV1-laravel/vendor/laravel/framework/src/Illuminate/Pipeline/Pipeline.php(183): Illuminate/Foundation/Http/Middleware/ConvertEmptyStringsToNull->handle()
#27 C:/Users/holan/OneDrive/Documentos/EV1-laravel-atomic-design/EV1-laravel/vendor/laravel/framework/src/Illuminate/Foundation/Http/Middleware/ValidatePostSize.php(27): Illuminate/Pipeline/Pipeline->{closure:{closure:Illuminate/Pipeline/Pipeline::carry():158}:159}()
#28 C:/Users/holan/OneDrive/Documentos/EV1-laravel-atomic-design/EV1-laravel/vendor/laravel/framework/src/Illuminate/Pipeline/Pipeline.php(183): Illuminate/Foundation/Http/Middleware/ValidatePostSize->handle()
#29 C:/Users/holan/OneDrive/Documentos/EV1-laravel-atomic-design/EV1-laravel/vendor/laravel/framework/src/Illuminate/Foundation/Http/Middleware/PreventRequestsDuringMaintenance.php(99): Illuminate/Pipeline/Pipeline->{closure:{closure:Illuminate/Pipeline/Pipeline::carry():158}:159}()
#30 C:/Users/holan/OneDrive/Documentos/EV1-laravel-atomic-design/EV1-laravel/vendor/laravel/framework/src/Illuminate/Pipeline/Pipeline.php(183): Illuminate/Foundation/Http/Middleware/PreventRequestsDuringMaintenance->handle()
#31 C:/Users/holan/OneDrive/Documentos/EV1-laravel-atomic-design/EV1-laravel/vendor/laravel/framework/src/Illuminate/Pipeline/Pipeline.php(119): Illuminate/Pipeline/Pipeline->{closure:{closure:Illuminate/Pipeline/Pipeline::carry():158}:159}()
#32 C:/Users/holan/OneDrive/Documentos/EV1-laravel-atomic-design/EV1-laravel/vendor/laravel/framework/src/Illuminate/Foundation/Http/Kernel.php(175): Illuminate/Pipeline/Pipeline->then()
#33 C:/Users/holan/OneDrive/Documentos/EV1-laravel-atomic-design/EV1-laravel/vendor/laravel/framework/src/Illuminate/Foundation/Http/Kernel.php(144): Illuminate/Foundation/Http/Kernel->sendRequestThroughRouter()
#34 C:/Users/holan/OneDrive/Documentos/EV1-laravel-atomic-design/EV1-laravel/public/index.php(51): Illuminate/Foundation/Http/Kernel->handle()
#35 C:/Users/holan/OneDrive/Documentos/EV1-laravel-atomic-design/EV1-laravel/vendor/laravel/framework/src/Illuminate/Foundation/resources/server.php(16): require_once('...')
#36 {main}
"} 
[2026-08-13 13:24:54] local.ERROR: No application encryption key has been specified. {"exception":"[object] (Illuminate\\Encryption\\MissingAppKeyException(code: 0): No application encryption key has been specified. at C:/Users/holan/OneDrive/Documentos/EV1-laravel-atomic-design/EV1-laravel/vendor/laravel/framework/src/Illuminate/Encryption/EncryptionServiceProvider.php:79)
[stacktrace]
#0 C:/Users/holan/OneDrive/Documentos/EV1-laravel-atomic-design/EV1-laravel/vendor/laravel/framework/src/Illuminate/Support/helpers.php(320): Illuminate/Encryption/EncryptionServiceProvider->{closure:Illuminate/Encryption/EncryptionServiceProvider::key():77}()
#1 C:/Users/holan/OneDrive/Documentos/EV1-laravel-atomic-design/EV1-laravel/vendor/laravel/framework/src/Illuminate/Encryption/EncryptionServiceProvider.php(77): tap()
#2 C:/Users/holan/OneDrive/Documentos/EV1-laravel-atomic-design/EV1-laravel/vendor/laravel/framework/src/Illuminate/Encryption/EncryptionServiceProvider.php(60): Illuminate/Encryption/EncryptionServiceProvider->key()
#3 C:/Users/holan/OneDrive/Documentos/EV1-laravel-atomic-design/EV1-laravel/vendor/laravel/framework/src/Illuminate/Encryption/EncryptionServiceProvider.php(32): Illuminate/Encryption/EncryptionServiceProvider->parseKey()
#4 C:/Users/holan/OneDrive/Documentos/EV1-laravel-atomic-design/EV1-laravel/vendor/laravel/framework/src/Illuminate/Container/Container.php(908): Illuminate/Encryption/EncryptionServiceProvider->{closure:Illuminate/Encryption/EncryptionServiceProvider::registerEncrypter():29}()
#5 C:/Users/holan/OneDrive/Documentos/EV1-laravel-atomic-design/EV1-laravel/vendor/laravel/framework/src/Illuminate/Container/Container.php(795): Illuminate/Container/Container->build()
#6 C:/Users/holan/OneDrive/Documentos/EV1-laravel-atomic-design/EV1-laravel/vendor/laravel/framework/src/Illuminate/Foundation/Application.php(986): Illuminate/Container/Container->resolve()
#7 C:/Users/holan/OneDrive/Documentos/EV1-laravel-atomic-design/EV1-laravel/vendor/laravel/framework/src/Illuminate/Container/Container.php(731): Illuminate/Foundation/Application->resolve()
#8 C:/Users/holan/OneDrive/Documentos/EV1-laravel-atomic-design/EV1-laravel/vendor/laravel/framework/src/Illuminate/Foundation/Application.php(971): Illuminate/Container/Container->make()
#9 C:/Users/holan/OneDrive/Documentos/EV1-laravel-atomic-design/EV1-laravel/vendor/laravel/framework/src/Illuminate/Container/Container.php(1066): Illuminate/Foundation/Application->make()
#10 C:/Users/holan/OneDrive/Documentos/EV1-laravel-atomic-design/EV1-laravel/vendor/laravel/framework/src/Illuminate/Container/Container.php(982): Illuminate/Container/Container->resolveClass()
#11 C:/Users/holan/OneDrive/Documentos/EV1-laravel-atomic-design/EV1-laravel/vendor/laravel/framework/src/Illuminate/Container/Container.php(943): Illuminate/Container/Container->resolveDependencies()
#12 C:/Users/holan/OneDrive/Documentos/EV1-laravel-atomic-design/EV1-laravel/vendor/laravel/framework/src/Illuminate/Container/Container.php(795): Illuminate/Container/Container->build()
#13 C:/Users/holan/OneDrive/Documentos/EV1-laravel-atomic-design/EV1-laravel/vendor/laravel/framework/src/Illuminate/Foundation/Application.php(986): Illuminate/Container/Container->resolve()
#14 C:/Users/holan/OneDrive/Documentos/EV1-laravel-atomic-design/EV1-laravel/vendor/laravel/framework/src/Illuminate/Container/Container.php(731): Illuminate/Foundation/Application->resolve()
#15 C:/Users/holan/OneDrive/Documentos/EV1-laravel-atomic-design/EV1-laravel/vendor/laravel/framework/src/Illuminate/Foundation/Application.php(971): Illuminate/Container/Container->make()
#16 C:/Users/holan/OneDrive/Documentos/EV1-laravel-atomic-design/EV1-laravel/vendor/laravel/framework/src/Illuminate/Foundation/Http/Kernel.php(255): Illuminate/Foundation/Application->make()
#17 C:/Users/holan/OneDrive/Documentos/EV1-laravel-atomic-design/EV1-laravel/vendor/laravel/framework/src/Illuminate/Foundation/Http/Kernel.php(213): Illuminate/Foundation/Http/Kernel->terminateMiddleware()
#18 C:/Users/holan/OneDrive/Documentos/EV1-laravel-atomic-design/EV1-laravel/public/index.php(55): Illuminate/Foundation/Http/Kernel->terminate()
#19 C:/Users/holan/OneDrive/Documentos/EV1-laravel-atomic-design/EV1-laravel/vendor/laravel/framework/src/Illuminate/Foundation/resources/server.php(16): require_once('...')
#20 {main}
"} 
[2026-08-13 13:32:27] local.ERROR: No application encryption key has been specified. {"exception":"[object] (Illuminate\\Encryption\\MissingAppKeyException(code: 0): No application encryption key has been specified. at C:/Users/holan/OneDrive/Documentos/EV1-laravel-atomic-design/EV1-laravel/vendor/laravel/framework/src/Illuminate/Encryption/EncryptionServiceProvider.php:79)
[stacktrace]
#0 C:/Users/holan/OneDrive/Documentos/EV1-laravel-atomic-design/EV1-laravel/vendor/laravel/framework/src/Illuminate/Support/helpers.php(320): Illuminate/Encryption/EncryptionServiceProvider->{closure:Illuminate/Encryption/EncryptionServiceProvider::key():77}()
#1 C:/Users/holan/OneDrive/Documentos/EV1-laravel-atomic-design/EV1-laravel/vendor/laravel/framework/src/Illuminate/Encryption/EncryptionServiceProvider.php(77): tap()
#2 C:/Users/holan/OneDrive/Documentos/EV1-laravel-atomic-design/EV1-laravel/vendor/laravel/framework/src/Illuminate/Encryption/EncryptionServiceProvider.php(60): Illuminate/Encryption/EncryptionServiceProvider->key()
#3 C:/Users/holan/OneDrive/Documentos/EV1-laravel-atomic-design/EV1-laravel/vendor/laravel/framework/src/Illuminate/Encryption/EncryptionServiceProvider.php(32): Illuminate/Encryption/EncryptionServiceProvider->parseKey()
#4 C:/Users/holan/OneDrive/Documentos/EV1-laravel-atomic-design/EV1-laravel/vendor/laravel/framework/src/Illuminate/Container/Container.php(908): Illuminate/Encryption/EncryptionServiceProvider->{closure:Illuminate/Encryption/EncryptionServiceProvider::registerEncrypter():29}()
#5 C:/Users/holan/OneDrive/Documentos/EV1-laravel-atomic-design/EV1-laravel/vendor/laravel/framework/src/Illuminate/Container/Container.php(795): Illuminate/Container/Container->build()
#6 C:/Users/holan/OneDrive/Documentos/EV1-laravel-atomic-design/EV1-laravel/vendor/laravel/framework/src/Illuminate/Foundation/Application.php(986): Illuminate/Container/Container->resolve()
#7 C:/Users/holan/OneDrive/Documentos/EV1-laravel-atomic-design/EV1-laravel/vendor/laravel/framework/src/Illuminate/Container/Container.php(731): Illuminate/Foundation/Application->resolve()
#8 C:/Users/holan/OneDrive/Documentos/EV1-laravel-atomic-design/EV1-laravel/vendor/laravel/framework/src/Illuminate/Foundation/Application.php(971): Illuminate/Container/Container->make()
#9 C:/Users/holan/OneDrive/Documentos/EV1-laravel-atomic-design/EV1-laravel/vendor/laravel/framework/src/Illuminate/Container/Container.php(1066): Illuminate/Foundation/Application->make()
#10 C:/Users/holan/OneDrive/Documentos/EV1-laravel-atomic-design/EV1-laravel/vendor/laravel/framework/src/Illuminate/Container/Container.php(982): Illuminate/Container/Container->resolveClass()
#11 C:/Users/holan/OneDrive/Documentos/EV1-laravel-atomic-design/EV1-laravel/vendor/laravel/framework/src/Illuminate/Container/Container.php(943): Illuminate/Container/Container->resolveDependencies()
#12 C:/Users/holan/OneDrive/Documentos/EV1-laravel-atomic-design/EV1-laravel/vendor/laravel/framework/src/Illuminate/Container/Container.php(795): Illuminate/Container/Container->build()
#13 C:/Users/holan/OneDrive/Documentos/EV1-laravel-atomic-design/EV1-laravel/vendor/laravel/framework/src/Illuminate/Foundation/Application.php(986): Illuminate/Container/Container->resolve()
#14 C:/Users/holan/OneDrive/Documentos/EV1-laravel-atomic-design/EV1-laravel/vendor/laravel/framework/src/Illuminate/Container/Container.php(731): Illuminate/Foundation/Application->resolve()
#15 C:/Users/holan/OneDrive/Documentos/EV1-laravel-atomic-design/EV1-laravel/vendor/laravel/framework/src/Illuminate/Foundation/Application.php(971): Illuminate/Container/Container->make()
#16 C:/Users/holan/OneDrive/Documentos/EV1-laravel-atomic-design/EV1-laravel/vendor/laravel/framework/src/Illuminate/Pipeline/Pipeline.php(172): Illuminate/Foundation/Application->make()
#17 C:/Users/holan/OneDrive/Documentos/EV1-laravel-atomic-design/EV1-laravel/vendor/laravel/framework/src/Illuminate/Pipeline/Pipeline.php(119): Illuminate/Pipeline/Pipeline->{closure:{closure:Illuminate/Pipeline/Pipeline::carry():158}:159}()
#18 C:/Users/holan/OneDrive/Documentos/EV1-laravel-atomic-design/EV1-laravel/vendor/laravel/framework/src/Illuminate/Routing/Router.php(805): Illuminate/Pipeline/Pipeline->then()
#19 C:/Users/holan/OneDrive/Documentos/EV1-laravel-atomic-design/EV1-laravel/vendor/laravel/framework/src/Illuminate/Routing/Router.php(784): Illuminate/Routing/Router->runRouteWithinStack()
#20 C:/Users/holan/OneDrive/Documentos/EV1-laravel-atomic-design/EV1-laravel/vendor/laravel/framework/src/Illuminate/Routing/Router.php(748): Illuminate/Routing/Router->runRoute()
#21 C:/Users/holan/OneDrive/Documentos/EV1-laravel-atomic-design/EV1-laravel/vendor/laravel/framework/src/Illuminate/Routing/Router.php(737): Illuminate/Routing/Router->dispatchToRoute()
#22 C:/Users/holan/OneDrive/Documentos/EV1-laravel-atomic-design/EV1-laravel/vendor/laravel/framework/src/Illuminate/Foundation/Http/Kernel.php(200): Illuminate/Routing/Router->dispatch()
#23 C:/Users/holan/OneDrive/Documentos/EV1-laravel-atomic-design/EV1-laravel/vendor/laravel/framework/src/Illuminate/Pipeline/Pipeline.php(144): Illuminate/Foundation/Http/Kernel->{closure:Illuminate/Foundation/Http/Kernel::dispatchToRouter():197}()
#24 C:/Users/holan/OneDrive/Documentos/EV1-laravel-atomic-design/EV1-laravel/vendor/laravel/framework/src/Illuminate/Foundation/Http/Middleware/TransformsRequest.php(21): Illuminate/Pipeline/Pipeline->{closure:Illuminate/Pipeline/Pipeline::prepareDestination():142}()
#25 C:/Users/holan/OneDrive/Documentos/EV1-laravel-atomic-design/EV1-laravel/vendor/laravel/framework/src/Illuminate/Foundation/Http/Middleware/ConvertEmptyStringsToNull.php(31): Illuminate/Foundation/Http/Middleware/TransformsRequest->handle()
#26 C:/Users/holan/OneDrive/Documentos/EV1-laravel-atomic-design/EV1-laravel/vendor/laravel/framework/src/Illuminate/Pipeline/Pipeline.php(183): Illuminate/Foundation/Http/Middleware/ConvertEmptyStringsToNull->handle()
#27 C:/Users/holan/OneDrive/Documentos/EV1-laravel-atomic-design/EV1-laravel/vendor/laravel/framework/src/Illuminate/Foundation/Http/Middleware/ValidatePostSize.php(27): Illuminate/Pipeline/Pipeline->{closure:{closure:Illuminate/Pipeline/Pipeline::carry():158}:159}()
#28 C:/Users/holan/OneDrive/Documentos/EV1-laravel-atomic-design/EV1-laravel/vendor/laravel/framework/src/Illuminate/Pipeline/Pipeline.php(183): Illuminate/Foundation/Http/Middleware/ValidatePostSize->handle()
#29 C:/Users/holan/OneDrive/Documentos/EV1-laravel-atomic-design/EV1-laravel/vendor/laravel/framework/src/Illuminate/Foundation/Http/Middleware/PreventRequestsDuringMaintenance.php(99): Illuminate/Pipeline/Pipeline->{closure:{closure:Illuminate/Pipeline/Pipeline::carry():158}:159}()
#30 C:/Users/holan/OneDrive/Documentos/EV1-laravel-atomic-design/EV1-laravel/vendor/laravel/framework/src/Illuminate/Pipeline/Pipeline.php(183): Illuminate/Foundation/Http/Middleware/PreventRequestsDuringMaintenance->handle()
#31 C:/Users/holan/OneDrive/Documentos/EV1-laravel-atomic-design/EV1-laravel/vendor/laravel/framework/src/Illuminate/Pipeline/Pipeline.php(119): Illuminate/Pipeline/Pipeline->{closure:{closure:Illuminate/Pipeline/Pipeline::carry():158}:159}()
#32 C:/Users/holan/OneDrive/Documentos/EV1-laravel-atomic-design/EV1-laravel/vendor/laravel/framework/src/Illuminate/Foundation/Http/Kernel.php(175): Illuminate/Pipeline/Pipeline->then()
#33 C:/Users/holan/OneDrive/Documentos/EV1-laravel-atomic-design/EV1-laravel/vendor/laravel/framework/src/Illuminate/Foundation/Http/Kernel.php(144): Illuminate/Foundation/Http/Kernel->sendRequestThroughRouter()
#34 C:/Users/holan/OneDrive/Documentos/EV1-laravel-atomic-design/EV1-laravel/public/index.php(51): Illuminate/Foundation/Http/Kernel->handle()
#35 C:/Users/holan/OneDrive/Documentos/EV1-laravel-atomic-design/EV1-laravel/vendor/laravel/framework/src/Illuminate/Foundation/resources/server.php(16): require_once('...')
#36 {main}
"} 
[2026-08-13 13:32:27] local.ERROR: No application encryption key has been specified. {"exception":"[object] (Illuminate\\Encryption\\MissingAppKeyException(code: 0): No application encryption key has been specified. at C:/Users/holan/OneDrive/Documentos/EV1-laravel-atomic-design/EV1-laravel/vendor/laravel/framework/src/Illuminate/Encryption/EncryptionServiceProvider.php:79)
[stacktrace]
#0 C:/Users/holan/OneDrive/Documentos/EV1-laravel-atomic-design/EV1-laravel/vendor/laravel/framework/src/Illuminate/Support/helpers.php(320): Illuminate/Encryption/EncryptionServiceProvider->{closure:Illuminate/Encryption/EncryptionServiceProvider::key():77}()
#1 C:/Users/holan/OneDrive/Documentos/EV1-laravel-atomic-design/EV1-laravel/vendor/laravel/framework/src/Illuminate/Encryption/EncryptionServiceProvider.php(77): tap()
#2 C:/Users/holan/OneDrive/Documentos/EV1-laravel-atomic-design/EV1-laravel/vendor/laravel/framework/src/Illuminate/Encryption/EncryptionServiceProvider.php(60): Illuminate/Encryption/EncryptionServiceProvider->key()
#3 C:/Users/holan/OneDrive/Documentos/EV1-laravel-atomic-design/EV1-laravel/vendor/laravel/framework/src/Illuminate/Encryption/EncryptionServiceProvider.php(32): Illuminate/Encryption/EncryptionServiceProvider->parseKey()
#4 C:/Users/holan/OneDrive/Documentos/EV1-laravel-atomic-design/EV1-laravel/vendor/laravel/framework/src/Illuminate/Container/Container.php(908): Illuminate/Encryption/EncryptionServiceProvider->{closure:Illuminate/Encryption/EncryptionServiceProvider::registerEncrypter():29}()
#5 C:/Users/holan/OneDrive/Documentos/EV1-laravel-atomic-design/EV1-laravel/vendor/laravel/framework/src/Illuminate/Container/Container.php(795): Illuminate/Container/Container->build()
#6 C:/Users/holan/OneDrive/Documentos/EV1-laravel-atomic-design/EV1-laravel/vendor/laravel/framework/src/Illuminate/Foundation/Application.php(986): Illuminate/Container/Container->resolve()
#7 C:/Users/holan/OneDrive/Documentos/EV1-laravel-atomic-design/EV1-laravel/vendor/laravel/framework/src/Illuminate/Container/Container.php(731): Illuminate/Foundation/Application->resolve()
#8 C:/Users/holan/OneDrive/Documentos/EV1-laravel-atomic-design/EV1-laravel/vendor/laravel/framework/src/Illuminate/Foundation/Application.php(971): Illuminate/Container/Container->make()
#9 C:/Users/holan/OneDrive/Documentos/EV1-laravel-atomic-design/EV1-laravel/vendor/laravel/framework/src/Illuminate/Container/Container.php(1066): Illuminate/Foundation/Application->make()
#10 C:/Users/holan/OneDrive/Documentos/EV1-laravel-atomic-design/EV1-laravel/vendor/laravel/framework/src/Illuminate/Container/Container.php(982): Illuminate/Container/Container->resolveClass()
#11 C:/Users/holan/OneDrive/Documentos/EV1-laravel-atomic-design/EV1-laravel/vendor/laravel/framework/src/Illuminate/Container/Container.php(943): Illuminate/Container/Container->resolveDependencies()
#12 C:/Users/holan/OneDrive/Documentos/EV1-laravel-atomic-design/EV1-laravel/vendor/laravel/framework/src/Illuminate/Container/Container.php(795): Illuminate/Container/Container->build()
#13 C:/Users/holan/OneDrive/Documentos/EV1-laravel-atomic-design/EV1-laravel/vendor/laravel/framework/src/Illuminate/Foundation/Application.php(986): Illuminate/Container/Container->resolve()
#14 C:/Users/holan/OneDrive/Documentos/EV1-laravel-atomic-design/EV1-laravel/vendor/laravel/framework/src/Illuminate/Container/Container.php(731): Illuminate/Foundation/Application->resolve()
#15 C:/Users/holan/OneDrive/Documentos/EV1-laravel-atomic-design/EV1-laravel/vendor/laravel/framework/src/Illuminate/Foundation/Application.php(971): Illuminate/Container/Container->make()
#16 C:/Users/holan/OneDrive/Documentos/EV1-laravel-atomic-design/EV1-laravel/vendor/laravel/framework/src/Illuminate/Foundation/Http/Kernel.php(255): Illuminate/Foundation/Application->make()
#17 C:/Users/holan/OneDrive/Documentos/EV1-laravel-atomic-design/EV1-laravel/vendor/laravel/framework/src/Illuminate/Foundation/Http/Kernel.php(213): Illuminate/Foundation/Http/Kernel->terminateMiddleware()
#18 C:/Users/holan/OneDrive/Documentos/EV1-laravel-atomic-design/EV1-laravel/public/index.php(55): Illuminate/Foundation/Http/Kernel->terminate()
#19 C:/Users/holan/OneDrive/Documentos/EV1-laravel-atomic-design/EV1-laravel/vendor/laravel/framework/src/Illuminate/Foundation/resources/server.php(16): require_once('...')
#20 {main}
"} 
[2026-08-13 13:35:26] local.ERROR: No application encryption key has been specified. {"exception":"[object] (Illuminate\\Encryption\\MissingAppKeyException(code: 0): No application encryption key has been specified. at C:/Users/holan/OneDrive/Documentos/EV1-laravel-atomic-design/EV1-laravel/vendor/laravel/framework/src/Illuminate/Encryption/EncryptionServiceProvider.php:79)
[stacktrace]
#0 C:/Users/holan/OneDrive/Documentos/EV1-laravel-atomic-design/EV1-laravel/vendor/laravel/framework/src/Illuminate/Support/helpers.php(320): Illuminate/Encryption/EncryptionServiceProvider->{closure:Illuminate/Encryption/EncryptionServiceProvider::key():77}()
#1 C:/Users/holan/OneDrive/Documentos/EV1-laravel-atomic-design/EV1-laravel/vendor/laravel/framework/src/Illuminate/Encryption/EncryptionServiceProvider.php(77): tap()
#2 C:/Users/holan/OneDrive/Documentos/EV1-laravel-atomic-design/EV1-laravel/vendor/laravel/framework/src/Illuminate/Encryption/EncryptionServiceProvider.php(60): Illuminate/Encryption/EncryptionServiceProvider->key()
#3 C:/Users/holan/OneDrive/Documentos/EV1-laravel-atomic-design/EV1-laravel/vendor/laravel/framework/src/Illuminate/Encryption/EncryptionServiceProvider.php(32): Illuminate/Encryption/EncryptionServiceProvider->parseKey()
#4 C:/Users/holan/OneDrive/Documentos/EV1-laravel-atomic-design/EV1-laravel/vendor/laravel/framework/src/Illuminate/Container/Container.php(908): Illuminate/Encryption/EncryptionServiceProvider->{closure:Illuminate/Encryption/EncryptionServiceProvider::registerEncrypter():29}()
#5 C:/Users/holan/OneDrive/Documentos/EV1-laravel-atomic-design/EV1-laravel/vendor/laravel/framework/src/Illuminate/Container/Container.php(795): Illuminate/Container/Container->build()
#6 C:/Users/holan/OneDrive/Documentos/EV1-laravel-atomic-design/EV1-laravel/vendor/laravel/framework/src/Illuminate/Foundation/Application.php(986): Illuminate/Container/Container->resolve()
#7 C:/Users/holan/OneDrive/Documentos/EV1-laravel-atomic-design/EV1-laravel/vendor/laravel/framework/src/Illuminate/Container/Container.php(731): Illuminate/Foundation/Application->resolve()
#8 C:/Users/holan/OneDrive/Documentos/EV1-laravel-atomic-design/EV1-laravel/vendor/laravel/framework/src/Illuminate/Foundation/Application.php(971): Illuminate/Container/Container->make()
#9 C:/Users/holan/OneDrive/Documentos/EV1-laravel-atomic-design/EV1-laravel/vendor/laravel/framework/src/Illuminate/Container/Container.php(1066): Illuminate/Foundation/Application->make()
#10 C:/Users/holan/OneDrive/Documentos/EV1-laravel-atomic-design/EV1-laravel/vendor/laravel/framework/src/Illuminate/Container/Container.php(982): Illuminate/Container/Container->resolveClass()
#11 C:/Users/holan/OneDrive/Documentos/EV1-laravel-atomic-design/EV1-laravel/vendor/laravel/framework/src/Illuminate/Container/Container.php(943): Illuminate/Container/Container->resolveDependencies()
#12 C:/Users/holan/OneDrive/Documentos/EV1-laravel-atomic-design/EV1-laravel/vendor/laravel/framework/src/Illuminate/Container/Container.php(795): Illuminate/Container/Container->build()
#13 C:/Users/holan/OneDrive/Documentos/EV1-laravel-atomic-design/EV1-laravel/vendor/laravel/framework/src/Illuminate/Foundation/Application.php(986): Illuminate/Container/Container->resolve()
#14 C:/Users/holan/OneDrive/Documentos/EV1-laravel-atomic-design/EV1-laravel/vendor/laravel/framework/src/Illuminate/Container/Container.php(731): Illuminate/Foundation/Application->resolve()
#15 C:/Users/holan/OneDrive/Documentos/EV1-laravel-atomic-design/EV1-laravel/vendor/laravel/framework/src/Illuminate/Foundation/Application.php(971): Illuminate/Container/Container->make()
#16 C:/Users/holan/OneDrive/Documentos/EV1-laravel-atomic-design/EV1-laravel/vendor/laravel/framework/src/Illuminate/Pipeline/Pipeline.php(172): Illuminate/Foundation/Application->make()
#17 C:/Users/holan/OneDrive/Documentos/EV1-laravel-atomic-design/EV1-laravel/vendor/laravel/framework/src/Illuminate/Pipeline/Pipeline.php(119): Illuminate/Pipeline/Pipeline->{closure:{closure:Illuminate/Pipeline/Pipeline::carry():158}:159}()
#18 C:/Users/holan/OneDrive/Documentos/EV1-laravel-atomic-design/EV1-laravel/vendor/laravel/framework/src/Illuminate/Routing/Router.php(805): Illuminate/Pipeline/Pipeline->then()
#19 C:/Users/holan/OneDrive/Documentos/EV1-laravel-atomic-design/EV1-laravel/vendor/laravel/framework/src/Illuminate/Routing/Router.php(784): Illuminate/Routing/Router->runRouteWithinStack()
#20 C:/Users/holan/OneDrive/Documentos/EV1-laravel-atomic-design/EV1-laravel/vendor/laravel/framework/src/Illuminate/Routing/Router.php(748): Illuminate/Routing/Router->runRoute()
#21 C:/Users/holan/OneDrive/Documentos/EV1-laravel-atomic-design/EV1-laravel/vendor/laravel/framework/src/Illuminate/Routing/Router.php(737): Illuminate/Routing/Router->dispatchToRoute()
#22 C:/Users/holan/OneDrive/Documentos/EV1-laravel-atomic-design/EV1-laravel/vendor/laravel/framework/src/Illuminate/Foundation/Http/Kernel.php(200): Illuminate/Routing/Router->dispatch()
#23 C:/Users/holan/OneDrive/Documentos/EV1-laravel-atomic-design/EV1-laravel/vendor/laravel/framework/src/Illuminate/Pipeline/Pipeline.php(144): Illuminate/Foundation/Http/Kernel->{closure:Illuminate/Foundation/Http/Kernel::dispatchToRouter():197}()
#24 C:/Users/holan/OneDrive/Documentos/EV1-laravel-atomic-design/EV1-laravel/vendor/laravel/framework/src/Illuminate/Foundation/Http/Middleware/TransformsRequest.php(21): Illuminate/Pipeline/Pipeline->{closure:Illuminate/Pipeline/Pipeline::prepareDestination():142}()
#25 C:/Users/holan/OneDrive/Documentos/EV1-laravel-atomic-design/EV1-laravel/vendor/laravel/framework/src/Illuminate/Foundation/Http/Middleware/ConvertEmptyStringsToNull.php(31): Illuminate/Foundation/Http/Middleware/TransformsRequest->handle()
#26 C:/Users/holan/OneDrive/Documentos/EV1-laravel-atomic-design/EV1-laravel/vendor/laravel/framework/src/Illuminate/Pipeline/Pipeline.php(183): Illuminate/Foundation/Http/Middleware/ConvertEmptyStringsToNull->handle()
#27 C:/Users/holan/OneDrive/Documentos/EV1-laravel-atomic-design/EV1-laravel/vendor/laravel/framework/src/Illuminate/Foundation/Http/Middleware/ValidatePostSize.php(27): Illuminate/Pipeline/Pipeline->{closure:{closure:Illuminate/Pipeline/Pipeline::carry():158}:159}()
#28 C:/Users/holan/OneDrive/Documentos/EV1-laravel-atomic-design/EV1-laravel/vendor/laravel/framework/src/Illuminate/Pipeline/Pipeline.php(183): Illuminate/Foundation/Http/Middleware/ValidatePostSize->handle()
#29 C:/Users/holan/OneDrive/Documentos/EV1-laravel-atomic-design/EV1-laravel/vendor/laravel/framework/src/Illuminate/Foundation/Http/Middleware/PreventRequestsDuringMaintenance.php(99): Illuminate/Pipeline/Pipeline->{closure:{closure:Illuminate/Pipeline/Pipeline::carry():158}:159}()
#30 C:/Users/holan/OneDrive/Documentos/EV1-laravel-atomic-design/EV1-laravel/vendor/laravel/framework/src/Illuminate/Pipeline/Pipeline.php(183): Illuminate/Foundation/Http/Middleware/PreventRequestsDuringMaintenance->handle()
#31 C:/Users/holan/OneDrive/Documentos/EV1-laravel-atomic-design/EV1-laravel/vendor/laravel/framework/src/Illuminate/Pipeline/Pipeline.php(119): Illuminate/Pipeline/Pipeline->{closure:{closure:Illuminate/Pipeline/Pipeline::carry():158}:159}()
#32 C:/Users/holan/OneDrive/Documentos/EV1-laravel-atomic-design/EV1-laravel/vendor/laravel/framework/src/Illuminate/Foundation/Http/Kernel.php(175): Illuminate/Pipeline/Pipeline->then()
#33 C:/Users/holan/OneDrive/Documentos/EV1-laravel-atomic-design/EV1-laravel/vendor/laravel/framework/src/Illuminate/Foundation/Http/Kernel.php(144): Illuminate/Foundation/Http/Kernel->sendRequestThroughRouter()
#34 C:/Users/holan/OneDrive/Documentos/EV1-laravel-atomic-design/EV1-laravel/public/index.php(51): Illuminate/Foundation/Http/Kernel->handle()
#35 C:/Users/holan/OneDrive/Documentos/EV1-laravel-atomic-design/EV1-laravel/vendor/laravel/framework/src/Illuminate/Foundation/resources/server.php(16): require_once('...')
#36 {main}
"} 
[2026-08-13 13:35:26] local.ERROR: No application encryption key has been specified. {"exception":"[object] (Illuminate\\Encryption\\MissingAppKeyException(code: 0): No application encryption key has been specified. at C:/Users/holan/OneDrive/Documentos/EV1-laravel-atomic-design/EV1-laravel/vendor/laravel/framework/src/Illuminate/Encryption/EncryptionServiceProvider.php:79)
[stacktrace]
#0 C:/Users/holan/OneDrive/Documentos/EV1-laravel-atomic-design/EV1-laravel/vendor/laravel/framework/src/Illuminate/Support/helpers.php(320): Illuminate/Encryption/EncryptionServiceProvider->{closure:Illuminate/Encryption/EncryptionServiceProvider::key():77}()
#1 C:/Users/holan/OneDrive/Documentos/EV1-laravel-atomic-design/EV1-laravel/vendor/laravel/framework/src/Illuminate/Encryption/EncryptionServiceProvider.php(77): tap()
#2 C:/Users/holan/OneDrive/Documentos/EV1-laravel-atomic-design/EV1-laravel/vendor/laravel/framework/src/Illuminate/Encryption/EncryptionServiceProvider.php(60): Illuminate/Encryption/EncryptionServiceProvider->key()
#3 C:/Users/holan/OneDrive/Documentos/EV1-laravel-atomic-design/EV1-laravel/vendor/laravel/framework/src/Illuminate/Encryption/EncryptionServiceProvider.php(32): Illuminate/Encryption/EncryptionServiceProvider->parseKey()
#4 C:/Users/holan/OneDrive/Documentos/EV1-laravel-atomic-design/EV1-laravel/vendor/laravel/framework/src/Illuminate/Container/Container.php(908): Illuminate/Encryption/EncryptionServiceProvider->{closure:Illuminate/Encryption/EncryptionServiceProvider::registerEncrypter():29}()
#5 C:/Users/holan/OneDrive/Documentos/EV1-laravel-atomic-design/EV1-laravel/vendor/laravel/framework/src/Illuminate/Container/Container.php(795): Illuminate/Container/Container->build()
#6 C:/Users/holan/OneDrive/Documentos/EV1-laravel-atomic-design/EV1-laravel/vendor/laravel/framework/src/Illuminate/Foundation/Application.php(986): Illuminate/Container/Container->resolve()
#7 C:/Users/holan/OneDrive/Documentos/EV1-laravel-atomic-design/EV1-laravel/vendor/laravel/framework/src/Illuminate/Container/Container.php(731): Illuminate/Foundation/Application->resolve()
#8 C:/Users/holan/OneDrive/Documentos/EV1-laravel-atomic-design/EV1-laravel/vendor/laravel/framework/src/Illuminate/Foundation/Application.php(971): Illuminate/Container/Container->make()
#9 C:/Users/holan/OneDrive/Documentos/EV1-laravel-atomic-design/EV1-laravel/vendor/laravel/framework/src/Illuminate/Container/Container.php(1066): Illuminate/Foundation/Application->make()
#10 C:/Users/holan/OneDrive/Documentos/EV1-laravel-atomic-design/EV1-laravel/vendor/laravel/framework/src/Illuminate/Container/Container.php(982): Illuminate/Container/Container->resolveClass()
#11 C:/Users/holan/OneDrive/Documentos/EV1-laravel-atomic-design/EV1-laravel/vendor/laravel/framework/src/Illuminate/Container/Container.php(943): Illuminate/Container/Container->resolveDependencies()
#12 C:/Users/holan/OneDrive/Documentos/EV1-laravel-atomic-design/EV1-laravel/vendor/laravel/framework/src/Illuminate/Container/Container.php(795): Illuminate/Container/Container->build()
#13 C:/Users/holan/OneDrive/Documentos/EV1-laravel-atomic-design/EV1-laravel/vendor/laravel/framework/src/Illuminate/Foundation/Application.php(986): Illuminate/Container/Container->resolve()
#14 C:/Users/holan/OneDrive/Documentos/EV1-laravel-atomic-design/EV1-laravel/vendor/laravel/framework/src/Illuminate/Container/Container.php(731): Illuminate/Foundation/Application->resolve()
#15 C:/Users/holan/OneDrive/Documentos/EV1-laravel-atomic-design/EV1-laravel/vendor/laravel/framework/src/Illuminate/Foundation/Application.php(971): Illuminate/Container/Container->make()
#16 C:/Users/holan/OneDrive/Documentos/EV1-laravel-atomic-design/EV1-laravel/vendor/laravel/framework/src/Illuminate/Foundation/Http/Kernel.php(255): Illuminate/Foundation/Application->make()
#17 C:/Users/holan/OneDrive/Documentos/EV1-laravel-atomic-design/EV1-laravel/vendor/laravel/framework/src/Illuminate/Foundation/Http/Kernel.php(213): Illuminate/Foundation/Http/Kernel->terminateMiddleware()
#18 C:/Users/holan/OneDrive/Documentos/EV1-laravel-atomic-design/EV1-laravel/public/index.php(55): Illuminate/Foundation/Http/Kernel->terminate()
#19 C:/Users/holan/OneDrive/Documentos/EV1-laravel-atomic-design/EV1-laravel/vendor/laravel/framework/src/Illuminate/Foundation/resources/server.php(16): require_once('...')
#20 {main}
"} 
[2026-08-13 13:35:26] local.ERROR: No application encryption key has been specified. {"exception":"[object] (Illuminate\\Encryption\\MissingAppKeyException(code: 0): No application encryption key has been specified. at C:/Users/holan/OneDrive/Documentos/EV1-laravel-atomic-design/EV1-laravel/vendor/laravel/framework/src/Illuminate/Encryption/EncryptionServiceProvider.php:79)
[stacktrace]
#0 C:/Users/holan/OneDrive/Documentos/EV1-laravel-atomic-design/EV1-laravel/vendor/laravel/framework/src/Illuminate/Support/helpers.php(320): Illuminate/Encryption/EncryptionServiceProvider->{closure:Illuminate/Encryption/EncryptionServiceProvider::key():77}()
#1 C:/Users/holan/OneDrive/Documentos/EV1-laravel-atomic-design/EV1-laravel/vendor/laravel/framework/src/Illuminate/Encryption/EncryptionServiceProvider.php(77): tap()
#2 C:/Users/holan/OneDrive/Documentos/EV1-laravel-atomic-design/EV1-laravel/vendor/laravel/framework/src/Illuminate/Encryption/EncryptionServiceProvider.php(60): Illuminate/Encryption/EncryptionServiceProvider->key()
#3 C:/Users/holan/OneDrive/Documentos/EV1-laravel-atomic-design/EV1-laravel/vendor/laravel/framework/src/Illuminate/Encryption/EncryptionServiceProvider.php(32): Illuminate/Encryption/EncryptionServiceProvider->parseKey()
#4 C:/Users/holan/OneDrive/Documentos/EV1-laravel-atomic-design/EV1-laravel/vendor/laravel/framework/src/Illuminate/Container/Container.php(908): Illuminate/Encryption/EncryptionServiceProvider->{closure:Illuminate/Encryption/EncryptionServiceProvider::registerEncrypter():29}()
#5 C:/Users/holan/OneDrive/Documentos/EV1-laravel-atomic-design/EV1-laravel/vendor/laravel/framework/src/Illuminate/Container/Container.php(795): Illuminate/Container/Container->build()
#6 C:/Users/holan/OneDrive/Documentos/EV1-laravel-atomic-design/EV1-laravel/vendor/laravel/framework/src/Illuminate/Foundation/Application.php(986): Illuminate/Container/Container->resolve()
#7 C:/Users/holan/OneDrive/Documentos/EV1-laravel-atomic-design/EV1-laravel/vendor/laravel/framework/src/Illuminate/Container/Container.php(731): Illuminate/Foundation/Application->resolve()
#8 C:/Users/holan/OneDrive/Documentos/EV1-laravel-atomic-design/EV1-laravel/vendor/laravel/framework/src/Illuminate/Foundation/Application.php(971): Illuminate/Container/Container->make()
#9 C:/Users/holan/OneDrive/Documentos/EV1-laravel-atomic-design/EV1-laravel/vendor/laravel/framework/src/Illuminate/Container/Container.php(1066): Illuminate/Foundation/Application->make()
#10 C:/Users/holan/OneDrive/Documentos/EV1-laravel-atomic-design/EV1-laravel/vendor/laravel/framework/src/Illuminate/Container/Container.php(982): Illuminate/Container/Container->resolveClass()
#11 C:/Users/holan/OneDrive/Documentos/EV1-laravel-atomic-design/EV1-laravel/vendor/laravel/framework/src/Illuminate/Container/Container.php(943): Illuminate/Container/Container->resolveDependencies()
#12 C:/Users/holan/OneDrive/Documentos/EV1-laravel-atomic-design/EV1-laravel/vendor/laravel/framework/src/Illuminate/Container/Container.php(795): Illuminate/Container/Container->build()
#13 C:/Users/holan/OneDrive/Documentos/EV1-laravel-atomic-design/EV1-laravel/vendor/laravel/framework/src/Illuminate/Foundation/Application.php(986): Illuminate/Container/Container->resolve()
#14 C:/Users/holan/OneDrive/Documentos/EV1-laravel-atomic-design/EV1-laravel/vendor/laravel/framework/src/Illuminate/Container/Container.php(731): Illuminate/Foundation/Application->resolve()
#15 C:/Users/holan/OneDrive/Documentos/EV1-laravel-atomic-design/EV1-laravel/vendor/laravel/framework/src/Illuminate/Foundation/Application.php(971): Illuminate/Container/Container->make()
#16 C:/Users/holan/OneDrive/Documentos/EV1-laravel-atomic-design/EV1-laravel/vendor/laravel/framework/src/Illuminate/Pipeline/Pipeline.php(172): Illuminate/Foundation/Application->make()
#17 C:/Users/holan/OneDrive/Documentos/EV1-laravel-atomic-design/EV1-laravel/vendor/laravel/framework/src/Illuminate/Pipeline/Pipeline.php(119): Illuminate/Pipeline/Pipeline->{closure:{closure:Illuminate/Pipeline/Pipeline::carry():158}:159}()
#18 C:/Users/holan/OneDrive/Documentos/EV1-laravel-atomic-design/EV1-laravel/vendor/laravel/framework/src/Illuminate/Routing/Router.php(805): Illuminate/Pipeline/Pipeline->then()
#19 C:/Users/holan/OneDrive/Documentos/EV1-laravel-atomic-design/EV1-laravel/vendor/laravel/framework/src/Illuminate/Routing/Router.php(784): Illuminate/Routing/Router->runRouteWithinStack()
#20 C:/Users/holan/OneDrive/Documentos/EV1-laravel-atomic-design/EV1-laravel/vendor/laravel/framework/src/Illuminate/Routing/Router.php(748): Illuminate/Routing/Router->runRoute()
#21 C:/Users/holan/OneDrive/Documentos/EV1-laravel-atomic-design/EV1-laravel/vendor/laravel/framework/src/Illuminate/Routing/Router.php(737): Illuminate/Routing/Router->dispatchToRoute()
#22 C:/Users/holan/OneDrive/Documentos/EV1-laravel-atomic-design/EV1-laravel/vendor/laravel/framework/src/Illuminate/Foundation/Http/Kernel.php(200): Illuminate/Routing/Router->dispatch()
#23 C:/Users/holan/OneDrive/Documentos/EV1-laravel-atomic-design/EV1-laravel/vendor/laravel/framework/src/Illuminate/Pipeline/Pipeline.php(144): Illuminate/Foundation/Http/Kernel->{closure:Illuminate/Foundation/Http/Kernel::dispatchToRouter():197}()
#24 C:/Users/holan/OneDrive/Documentos/EV1-laravel-atomic-design/EV1-laravel/vendor/laravel/framework/src/Illuminate/Foundation/Http/Middleware/TransformsRequest.php(21): Illuminate/Pipeline/Pipeline->{closure:Illuminate/Pipeline/Pipeline::prepareDestination():142}()
#25 C:/Users/holan/OneDrive/Documentos/EV1-laravel-atomic-design/EV1-laravel/vendor/laravel/framework/src/Illuminate/Foundation/Http/Middleware/ConvertEmptyStringsToNull.php(31): Illuminate/Foundation/Http/Middleware/TransformsRequest->handle()
#26 C:/Users/holan/OneDrive/Documentos/EV1-laravel-atomic-design/EV1-laravel/vendor/laravel/framework/src/Illuminate/Pipeline/Pipeline.php(183): Illuminate/Foundation/Http/Middleware/ConvertEmptyStringsToNull->handle()
#27 C:/Users/holan/OneDrive/Documentos/EV1-laravel-atomic-design/EV1-laravel/vendor/laravel/framework/src/Illuminate/Foundation/Http/Middleware/ValidatePostSize.php(27): Illuminate/Pipeline/Pipeline->{closure:{closure:Illuminate/Pipeline/Pipeline::carry():158}:159}()
#28 C:/Users/holan/OneDrive/Documentos/EV1-laravel-atomic-design/EV1-laravel/vendor/laravel/framework/src/Illuminate/Pipeline/Pipeline.php(183): Illuminate/Foundation/Http/Middleware/ValidatePostSize->handle()
#29 C:/Users/holan/OneDrive/Documentos/EV1-laravel-atomic-design/EV1-laravel/vendor/laravel/framework/src/Illuminate/Foundation/Http/Middleware/PreventRequestsDuringMaintenance.php(99): Illuminate/Pipeline/Pipeline->{closure:{closure:Illuminate/Pipeline/Pipeline::carry():158}:159}()
#30 C:/Users/holan/OneDrive/Documentos/EV1-laravel-atomic-design/EV1-laravel/vendor/laravel/framework/src/Illuminate/Pipeline/Pipeline.php(183): Illuminate/Foundation/Http/Middleware/PreventRequestsDuringMaintenance->handle()
#31 C:/Users/holan/OneDrive/Documentos/EV1-laravel-atomic-design/EV1-laravel/vendor/laravel/framework/src/Illuminate/Pipeline/Pipeline.php(119): Illuminate/Pipeline/Pipeline->{closure:{closure:Illuminate/Pipeline/Pipeline::carry():158}:159}()
#32 C:/Users/holan/OneDrive/Documentos/EV1-laravel-atomic-design/EV1-laravel/vendor/laravel/framework/src/Illuminate/Foundation/Http/Kernel.php(175): Illuminate/Pipeline/Pipeline->then()
#33 C:/Users/holan/OneDrive/Documentos/EV1-laravel-atomic-design/EV1-laravel/vendor/laravel/framework/src/Illuminate/Foundation/Http/Kernel.php(144): Illuminate/Foundation/Http/Kernel->sendRequestThroughRouter()
#34 C:/Users/holan/OneDrive/Documentos/EV1-laravel-atomic-design/EV1-laravel/public/index.php(51): Illuminate/Foundation/Http/Kernel->handle()
#35 C:/Users/holan/OneDrive/Documentos/EV1-laravel-atomic-design/EV1-laravel/vendor/laravel/framework/src/Illuminate/Foundation/resources/server.php(16): require_once('...')
#36 {main}
"} 
[2026-08-13 13:35:27] local.ERROR: No application encryption key has been specified. {"exception":"[object] (Illuminate\\Encryption\\MissingAppKeyException(code: 0): No application encryption key has been specified. at C:/Users/holan/OneDrive/Documentos/EV1-laravel-atomic-design/EV1-laravel/vendor/laravel/framework/src/Illuminate/Encryption/EncryptionServiceProvider.php:79)
[stacktrace]
#0 C:/Users/holan/OneDrive/Documentos/EV1-laravel-atomic-design/EV1-laravel/vendor/laravel/framework/src/Illuminate/Support/helpers.php(320): Illuminate/Encryption/EncryptionServiceProvider->{closure:Illuminate/Encryption/EncryptionServiceProvider::key():77}()
#1 C:/Users/holan/OneDrive/Documentos/EV1-laravel-atomic-design/EV1-laravel/vendor/laravel/framework/src/Illuminate/Encryption/EncryptionServiceProvider.php(77): tap()
#2 C:/Users/holan/OneDrive/Documentos/EV1-laravel-atomic-design/EV1-laravel/vendor/laravel/framework/src/Illuminate/Encryption/EncryptionServiceProvider.php(60): Illuminate/Encryption/EncryptionServiceProvider->key()
#3 C:/Users/holan/OneDrive/Documentos/EV1-laravel-atomic-design/EV1-laravel/vendor/laravel/framework/src/Illuminate/Encryption/EncryptionServiceProvider.php(32): Illuminate/Encryption/EncryptionServiceProvider->parseKey()
#4 C:/Users/holan/OneDrive/Documentos/EV1-laravel-atomic-design/EV1-laravel/vendor/laravel/framework/src/Illuminate/Container/Container.php(908): Illuminate/Encryption/EncryptionServiceProvider->{closure:Illuminate/Encryption/EncryptionServiceProvider::registerEncrypter():29}()
#5 C:/Users/holan/OneDrive/Documentos/EV1-laravel-atomic-design/EV1-laravel/vendor/laravel/framework/src/Illuminate/Container/Container.php(795): Illuminate/Container/Container->build()
#6 C:/Users/holan/OneDrive/Documentos/EV1-laravel-atomic-design/EV1-laravel/vendor/laravel/framework/src/Illuminate/Foundation/Application.php(986): Illuminate/Container/Container->resolve()
#7 C:/Users/holan/OneDrive/Documentos/EV1-laravel-atomic-design/EV1-laravel/vendor/laravel/framework/src/Illuminate/Container/Container.php(731): Illuminate/Foundation/Application->resolve()
#8 C:/Users/holan/OneDrive/Documentos/EV1-laravel-atomic-design/EV1-laravel/vendor/laravel/framework/src/Illuminate/Foundation/Application.php(971): Illuminate/Container/Container->make()
#9 C:/Users/holan/OneDrive/Documentos/EV1-laravel-atomic-design/EV1-laravel/vendor/laravel/framework/src/Illuminate/Container/Container.php(1066): Illuminate/Foundation/Application->make()
#10 C:/Users/holan/OneDrive/Documentos/EV1-laravel-atomic-design/EV1-laravel/vendor/laravel/framework/src/Illuminate/Container/Container.php(982): Illuminate/Container/Container->resolveClass()
#11 C:/Users/holan/OneDrive/Documentos/EV1-laravel-atomic-design/EV1-laravel/vendor/laravel/framework/src/Illuminate/Container/Container.php(943): Illuminate/Container/Container->resolveDependencies()
#12 C:/Users/holan/OneDrive/Documentos/EV1-laravel-atomic-design/EV1-laravel/vendor/laravel/framework/src/Illuminate/Container/Container.php(795): Illuminate/Container/Container->build()
#13 C:/Users/holan/OneDrive/Documentos/EV1-laravel-atomic-design/EV1-laravel/vendor/laravel/framework/src/Illuminate/Foundation/Application.php(986): Illuminate/Container/Container->resolve()
#14 C:/Users/holan/OneDrive/Documentos/EV1-laravel-atomic-design/EV1-laravel/vendor/laravel/framework/src/Illuminate/Container/Container.php(731): Illuminate/Foundation/Application->resolve()
#15 C:/Users/holan/OneDrive/Documentos/EV1-laravel-atomic-design/EV1-laravel/vendor/laravel/framework/src/Illuminate/Foundation/Application.php(971): Illuminate/Container/Container->make()
#16 C:/Users/holan/OneDrive/Documentos/EV1-laravel-atomic-design/EV1-laravel/vendor/laravel/framework/src/Illuminate/Foundation/Http/Kernel.php(255): Illuminate/Foundation/Application->make()
#17 C:/Users/holan/OneDrive/Documentos/EV1-laravel-atomic-design/EV1-laravel/vendor/laravel/framework/src/Illuminate/Foundation/Http/Kernel.php(213): Illuminate/Foundation/Http/Kernel->terminateMiddleware()
#18 C:/Users/holan/OneDrive/Documentos/EV1-laravel-atomic-design/EV1-laravel/public/index.php(55): Illuminate/Foundation/Http/Kernel->terminate()
#19 C:/Users/holan/OneDrive/Documentos/EV1-laravel-atomic-design/EV1-laravel/vendor/laravel/framework/src/Illuminate/Foundation/resources/server.php(16): require_once('...')
#20 {main}
"} 
[2026-08-13 13:38:36] local.ERROR: No application encryption key has been specified. {"exception":"[object] (Illuminate\\Encryption\\MissingAppKeyException(code: 0): No application encryption key has been specified. at C:/Users/holan/OneDrive/Documentos/EV1-laravel-atomic-design/EV1-laravel/vendor/laravel/framework/src/Illuminate/Encryption/EncryptionServiceProvider.php:79)
[stacktrace]
#0 C:/Users/holan/OneDrive/Documentos/EV1-laravel-atomic-design/EV1-laravel/vendor/laravel/framework/src/Illuminate/Support/helpers.php(320): Illuminate/Encryption/EncryptionServiceProvider->{closure:Illuminate/Encryption/EncryptionServiceProvider::key():77}()
#1 C:/Users/holan/OneDrive/Documentos/EV1-laravel-atomic-design/EV1-laravel/vendor/laravel/framework/src/Illuminate/Encryption/EncryptionServiceProvider.php(77): tap()
#2 C:/Users/holan/OneDrive/Documentos/EV1-laravel-atomic-design/EV1-laravel/vendor/laravel/framework/src/Illuminate/Encryption/EncryptionServiceProvider.php(60): Illuminate/Encryption/EncryptionServiceProvider->key()
#3 C:/Users/holan/OneDrive/Documentos/EV1-laravel-atomic-design/EV1-laravel/vendor/laravel/framework/src/Illuminate/Encryption/EncryptionServiceProvider.php(32): Illuminate/Encryption/EncryptionServiceProvider->parseKey()
#4 C:/Users/holan/OneDrive/Documentos/EV1-laravel-atomic-design/EV1-laravel/vendor/laravel/framework/src/Illuminate/Container/Container.php(908): Illuminate/Encryption/EncryptionServiceProvider->{closure:Illuminate/Encryption/EncryptionServiceProvider::registerEncrypter():29}()
#5 C:/Users/holan/OneDrive/Documentos/EV1-laravel-atomic-design/EV1-laravel/vendor/laravel/framework/src/Illuminate/Container/Container.php(795): Illuminate/Container/Container->build()
#6 C:/Users/holan/OneDrive/Documentos/EV1-laravel-atomic-design/EV1-laravel/vendor/laravel/framework/src/Illuminate/Foundation/Application.php(986): Illuminate/Container/Container->resolve()
#7 C:/Users/holan/OneDrive/Documentos/EV1-laravel-atomic-design/EV1-laravel/vendor/laravel/framework/src/Illuminate/Container/Container.php(731): Illuminate/Foundation/Application->resolve()
#8 C:/Users/holan/OneDrive/Documentos/EV1-laravel-atomic-design/EV1-laravel/vendor/laravel/framework/src/Illuminate/Foundation/Application.php(971): Illuminate/Container/Container->make()
#9 C:/Users/holan/OneDrive/Documentos/EV1-laravel-atomic-design/EV1-laravel/vendor/laravel/framework/src/Illuminate/Container/Container.php(1066): Illuminate/Foundation/Application->make()
#10 C:/Users/holan/OneDrive/Documentos/EV1-laravel-atomic-design/EV1-laravel/vendor/laravel/framework/src/Illuminate/Container/Container.php(982): Illuminate/Container/Container->resolveClass()
#11 C:/Users/holan/OneDrive/Documentos/EV1-laravel-atomic-design/EV1-laravel/vendor/laravel/framework/src/Illuminate/Container/Container.php(943): Illuminate/Container/Container->resolveDependencies()
#12 C:/Users/holan/OneDrive/Documentos/EV1-laravel-atomic-design/EV1-laravel/vendor/laravel/framework/src/Illuminate/Container/Container.php(795): Illuminate/Container/Container->build()
#13 C:/Users/holan/OneDrive/Documentos/EV1-laravel-atomic-design/EV1-laravel/vendor/laravel/framework/src/Illuminate/Foundation/Application.php(986): Illuminate/Container/Container->resolve()
#14 C:/Users/holan/OneDrive/Documentos/EV1-laravel-atomic-design/EV1-laravel/vendor/laravel/framework/src/Illuminate/Container/Container.php(731): Illuminate/Foundation/Application->resolve()
#15 C:/Users/holan/OneDrive/Documentos/EV1-laravel-atomic-design/EV1-laravel/vendor/laravel/framework/src/Illuminate/Foundation/Application.php(971): Illuminate/Container/Container->make()
#16 C:/Users/holan/OneDrive/Documentos/EV1-laravel-atomic-design/EV1-laravel/vendor/laravel/framework/src/Illuminate/Pipeline/Pipeline.php(172): Illuminate/Foundation/Application->make()
#17 C:/Users/holan/OneDrive/Documentos/EV1-laravel-atomic-design/EV1-laravel/vendor/laravel/framework/src/Illuminate/Pipeline/Pipeline.php(119): Illuminate/Pipeline/Pipeline->{closure:{closure:Illuminate/Pipeline/Pipeline::carry():158}:159}()
#18 C:/Users/holan/OneDrive/Documentos/EV1-laravel-atomic-design/EV1-laravel/vendor/laravel/framework/src/Illuminate/Routing/Router.php(805): Illuminate/Pipeline/Pipeline->then()
#19 C:/Users/holan/OneDrive/Documentos/EV1-laravel-atomic-design/EV1-laravel/vendor/laravel/framework/src/Illuminate/Routing/Router.php(784): Illuminate/Routing/Router->runRouteWithinStack()
#20 C:/Users/holan/OneDrive/Documentos/EV1-laravel-atomic-design/EV1-laravel/vendor/laravel/framework/src/Illuminate/Routing/Router.php(748): Illuminate/Routing/Router->runRoute()
#21 C:/Users/holan/OneDrive/Documentos/EV1-laravel-atomic-design/EV1-laravel/vendor/laravel/framework/src/Illuminate/Routing/Router.php(737): Illuminate/Routing/Router->dispatchToRoute()
#22 C:/Users/holan/OneDrive/Documentos/EV1-laravel-atomic-design/EV1-laravel/vendor/laravel/framework/src/Illuminate/Foundation/Http/Kernel.php(200): Illuminate/Routing/Router->dispatch()
#23 C:/Users/holan/OneDrive/Documentos/EV1-laravel-atomic-design/EV1-laravel/vendor/laravel/framework/src/Illuminate/Pipeline/Pipeline.php(144): Illuminate/Foundation/Http/Kernel->{closure:Illuminate/Foundation/Http/Kernel::dispatchToRouter():197}()
#24 C:/Users/holan/OneDrive/Documentos/EV1-laravel-atomic-design/EV1-laravel/vendor/laravel/framework/src/Illuminate/Foundation/Http/Middleware/TransformsRequest.php(21): Illuminate/Pipeline/Pipeline->{closure:Illuminate/Pipeline/Pipeline::prepareDestination():142}()
#25 C:/Users/holan/OneDrive/Documentos/EV1-laravel-atomic-design/EV1-laravel/vendor/laravel/framework/src/Illuminate/Foundation/Http/Middleware/ConvertEmptyStringsToNull.php(31): Illuminate/Foundation/Http/Middleware/TransformsRequest->handle()
#26 C:/Users/holan/OneDrive/Documentos/EV1-laravel-atomic-design/EV1-laravel/vendor/laravel/framework/src/Illuminate/Pipeline/Pipeline.php(183): Illuminate/Foundation/Http/Middleware/ConvertEmptyStringsToNull->handle()
#27 C:/Users/holan/OneDrive/Documentos/EV1-laravel-atomic-design/EV1-laravel/vendor/laravel/framework/src/Illuminate/Foundation/Http/Middleware/ValidatePostSize.php(27): Illuminate/Pipeline/Pipeline->{closure:{closure:Illuminate/Pipeline/Pipeline::carry():158}:159}()
#28 C:/Users/holan/OneDrive/Documentos/EV1-laravel-atomic-design/EV1-laravel/vendor/laravel/framework/src/Illuminate/Pipeline/Pipeline.php(183): Illuminate/Foundation/Http/Middleware/ValidatePostSize->handle()
#29 C:/Users/holan/OneDrive/Documentos/EV1-laravel-atomic-design/EV1-laravel/vendor/laravel/framework/src/Illuminate/Foundation/Http/Middleware/PreventRequestsDuringMaintenance.php(99): Illuminate/Pipeline/Pipeline->{closure:{closure:Illuminate/Pipeline/Pipeline::carry():158}:159}()
#30 C:/Users/holan/OneDrive/Documentos/EV1-laravel-atomic-design/EV1-laravel/vendor/laravel/framework/src/Illuminate/Pipeline/Pipeline.php(183): Illuminate/Foundation/Http/Middleware/PreventRequestsDuringMaintenance->handle()
#31 C:/Users/holan/OneDrive/Documentos/EV1-laravel-atomic-design/EV1-laravel/vendor/laravel/framework/src/Illuminate/Pipeline/Pipeline.php(119): Illuminate/Pipeline/Pipeline->{closure:{closure:Illuminate/Pipeline/Pipeline::carry():158}:159}()
#32 C:/Users/holan/OneDrive/Documentos/EV1-laravel-atomic-design/EV1-laravel/vendor/laravel/framework/src/Illuminate/Foundation/Http/Kernel.php(175): Illuminate/Pipeline/Pipeline->then()
#33 C:/Users/holan/OneDrive/Documentos/EV1-laravel-atomic-design/EV1-laravel/vendor/laravel/framework/src/Illuminate/Foundation/Http/Kernel.php(144): Illuminate/Foundation/Http/Kernel->sendRequestThroughRouter()
#34 C:/Users/holan/OneDrive/Documentos/EV1-laravel-atomic-design/EV1-laravel/public/index.php(51): Illuminate/Foundation/Http/Kernel->handle()
#35 C:/Users/holan/OneDrive/Documentos/EV1-laravel-atomic-design/EV1-laravel/vendor/laravel/framework/src/Illuminate/Foundation/resources/server.php(16): require_once('...')
#36 {main}
"} 
[2026-08-13 13:38:36] local.ERROR: No application encryption key has been specified. {"exception":"[object] (Illuminate\\Encryption\\MissingAppKeyException(code: 0): No application encryption key has been specified. at C:/Users/holan/OneDrive/Documentos/EV1-laravel-atomic-design/EV1-laravel/vendor/laravel/framework/src/Illuminate/Encryption/EncryptionServiceProvider.php:79)
[stacktrace]
#0 C:/Users/holan/OneDrive/Documentos/EV1-laravel-atomic-design/EV1-laravel/vendor/laravel/framework/src/Illuminate/Support/helpers.php(320): Illuminate/Encryption/EncryptionServiceProvider->{closure:Illuminate/Encryption/EncryptionServiceProvider::key():77}()
#1 C:/Users/holan/OneDrive/Documentos/EV1-laravel-atomic-design/EV1-laravel/vendor/laravel/framework/src/Illuminate/Encryption/EncryptionServiceProvider.php(77): tap()
#2 C:/Users/holan/OneDrive/Documentos/EV1-laravel-atomic-design/EV1-laravel/vendor/laravel/framework/src/Illuminate/Encryption/EncryptionServiceProvider.php(60): Illuminate/Encryption/EncryptionServiceProvider->key()
#3 C:/Users/holan/OneDrive/Documentos/EV1-laravel-atomic-design/EV1-laravel/vendor/laravel/framework/src/Illuminate/Encryption/EncryptionServiceProvider.php(32): Illuminate/Encryption/EncryptionServiceProvider->parseKey()
#4 C:/Users/holan/OneDrive/Documentos/EV1-laravel-atomic-design/EV1-laravel/vendor/laravel/framework/src/Illuminate/Container/Container.php(908): Illuminate/Encryption/EncryptionServiceProvider->{closure:Illuminate/Encryption/EncryptionServiceProvider::registerEncrypter():29}()
#5 C:/Users/holan/OneDrive/Documentos/EV1-laravel-atomic-design/EV1-laravel/vendor/laravel/framework/src/Illuminate/Container/Container.php(795): Illuminate/Container/Container->build()
#6 C:/Users/holan/OneDrive/Documentos/EV1-laravel-atomic-design/EV1-laravel/vendor/laravel/framework/src/Illuminate/Foundation/Application.php(986): Illuminate/Container/Container->resolve()
#7 C:/Users/holan/OneDrive/Documentos/EV1-laravel-atomic-design/EV1-laravel/vendor/laravel/framework/src/Illuminate/Container/Container.php(731): Illuminate/Foundation/Application->resolve()
#8 C:/Users/holan/OneDrive/Documentos/EV1-laravel-atomic-design/EV1-laravel/vendor/laravel/framework/src/Illuminate/Foundation/Application.php(971): Illuminate/Container/Container->make()
#9 C:/Users/holan/OneDrive/Documentos/EV1-laravel-atomic-design/EV1-laravel/vendor/laravel/framework/src/Illuminate/Container/Container.php(1066): Illuminate/Foundation/Application->make()
#10 C:/Users/holan/OneDrive/Documentos/EV1-laravel-atomic-design/EV1-laravel/vendor/laravel/framework/src/Illuminate/Container/Container.php(982): Illuminate/Container/Container->resolveClass()
#11 C:/Users/holan/OneDrive/Documentos/EV1-laravel-atomic-design/EV1-laravel/vendor/laravel/framework/src/Illuminate/Container/Container.php(943): Illuminate/Container/Container->resolveDependencies()
#12 C:/Users/holan/OneDrive/Documentos/EV1-laravel-atomic-design/EV1-laravel/vendor/laravel/framework/src/Illuminate/Container/Container.php(795): Illuminate/Container/Container->build()
#13 C:/Users/holan/OneDrive/Documentos/EV1-laravel-atomic-design/EV1-laravel/vendor/laravel/framework/src/Illuminate/Foundation/Application.php(986): Illuminate/Container/Container->resolve()
#14 C:/Users/holan/OneDrive/Documentos/EV1-laravel-atomic-design/EV1-laravel/vendor/laravel/framework/src/Illuminate/Container/Container.php(731): Illuminate/Foundation/Application->resolve()
#15 C:/Users/holan/OneDrive/Documentos/EV1-laravel-atomic-design/EV1-laravel/vendor/laravel/framework/src/Illuminate/Foundation/Application.php(971): Illuminate/Container/Container->make()
#16 C:/Users/holan/OneDrive/Documentos/EV1-laravel-atomic-design/EV1-laravel/vendor/laravel/framework/src/Illuminate/Foundation/Http/Kernel.php(255): Illuminate/Foundation/Application->make()
#17 C:/Users/holan/OneDrive/Documentos/EV1-laravel-atomic-design/EV1-laravel/vendor/laravel/framework/src/Illuminate/Foundation/Http/Kernel.php(213): Illuminate/Foundation/Http/Kernel->terminateMiddleware()
#18 C:/Users/holan/OneDrive/Documentos/EV1-laravel-atomic-design/EV1-laravel/public/index.php(55): Illuminate/Foundation/Http/Kernel->terminate()
#19 C:/Users/holan/OneDrive/Documentos/EV1-laravel-atomic-design/EV1-laravel/vendor/laravel/framework/src/Illuminate/Foundation/resources/server.php(16): require_once('...')
#20 {main}
"} 
[2026-08-13 13:38:39] local.ERROR: No application encryption key has been specified. {"exception":"[object] (Illuminate\\Encryption\\MissingAppKeyException(code: 0): No application encryption key has been specified. at C:/Users/holan/OneDrive/Documentos/EV1-laravel-atomic-design/EV1-laravel/vendor/laravel/framework/src/Illuminate/Encryption/EncryptionServiceProvider.php:79)
[stacktrace]
#0 C:/Users/holan/OneDrive/Documentos/EV1-laravel-atomic-design/EV1-laravel/vendor/laravel/framework/src/Illuminate/Support/helpers.php(320): Illuminate/Encryption/EncryptionServiceProvider->{closure:Illuminate/Encryption/EncryptionServiceProvider::key():77}()
#1 C:/Users/holan/OneDrive/Documentos/EV1-laravel-atomic-design/EV1-laravel/vendor/laravel/framework/src/Illuminate/Encryption/EncryptionServiceProvider.php(77): tap()
#2 C:/Users/holan/OneDrive/Documentos/EV1-laravel-atomic-design/EV1-laravel/vendor/laravel/framework/src/Illuminate/Encryption/EncryptionServiceProvider.php(60): Illuminate/Encryption/EncryptionServiceProvider->key()
#3 C:/Users/holan/OneDrive/Documentos/EV1-laravel-atomic-design/EV1-laravel/vendor/laravel/framework/src/Illuminate/Encryption/EncryptionServiceProvider.php(32): Illuminate/Encryption/EncryptionServiceProvider->parseKey()
#4 C:/Users/holan/OneDrive/Documentos/EV1-laravel-atomic-design/EV1-laravel/vendor/laravel/framework/src/Illuminate/Container/Container.php(908): Illuminate/Encryption/EncryptionServiceProvider->{closure:Illuminate/Encryption/EncryptionServiceProvider::registerEncrypter():29}()
#5 C:/Users/holan/OneDrive/Documentos/EV1-laravel-atomic-design/EV1-laravel/vendor/laravel/framework/src/Illuminate/Container/Container.php(795): Illuminate/Container/Container->build()
#6 C:/Users/holan/OneDrive/Documentos/EV1-laravel-atomic-design/EV1-laravel/vendor/laravel/framework/src/Illuminate/Foundation/Application.php(986): Illuminate/Container/Container->resolve()
#7 C:/Users/holan/OneDrive/Documentos/EV1-laravel-atomic-design/EV1-laravel/vendor/laravel/framework/src/Illuminate/Container/Container.php(731): Illuminate/Foundation/Application->resolve()
#8 C:/Users/holan/OneDrive/Documentos/EV1-laravel-atomic-design/EV1-laravel/vendor/laravel/framework/src/Illuminate/Foundation/Application.php(971): Illuminate/Container/Container->make()
#9 C:/Users/holan/OneDrive/Documentos/EV1-laravel-atomic-design/EV1-laravel/vendor/laravel/framework/src/Illuminate/Container/Container.php(1066): Illuminate/Foundation/Application->make()
#10 C:/Users/holan/OneDrive/Documentos/EV1-laravel-atomic-design/EV1-laravel/vendor/laravel/framework/src/Illuminate/Container/Container.php(982): Illuminate/Container/Container->resolveClass()
#11 C:/Users/holan/OneDrive/Documentos/EV1-laravel-atomic-design/EV1-laravel/vendor/laravel/framework/src/Illuminate/Container/Container.php(943): Illuminate/Container/Container->resolveDependencies()
#12 C:/Users/holan/OneDrive/Documentos/EV1-laravel-atomic-design/EV1-laravel/vendor/laravel/framework/src/Illuminate/Container/Container.php(795): Illuminate/Container/Container->build()
#13 C:/Users/holan/OneDrive/Documentos/EV1-laravel-atomic-design/EV1-laravel/vendor/laravel/framework/src/Illuminate/Foundation/Application.php(986): Illuminate/Container/Container->resolve()
#14 C:/Users/holan/OneDrive/Documentos/EV1-laravel-atomic-design/EV1-laravel/vendor/laravel/framework/src/Illuminate/Container/Container.php(731): Illuminate/Foundation/Application->resolve()
#15 C:/Users/holan/OneDrive/Documentos/EV1-laravel-atomic-design/EV1-laravel/vendor/laravel/framework/src/Illuminate/Foundation/Application.php(971): Illuminate/Container/Container->make()
#16 C:/Users/holan/OneDrive/Documentos/EV1-laravel-atomic-design/EV1-laravel/vendor/laravel/framework/src/Illuminate/Pipeline/Pipeline.php(172): Illuminate/Foundation/Application->make()
#17 C:/Users/holan/OneDrive/Documentos/EV1-laravel-atomic-design/EV1-laravel/vendor/laravel/framework/src/Illuminate/Pipeline/Pipeline.php(119): Illuminate/Pipeline/Pipeline->{closure:{closure:Illuminate/Pipeline/Pipeline::carry():158}:159}()
#18 C:/Users/holan/OneDrive/Documentos/EV1-laravel-atomic-design/EV1-laravel/vendor/laravel/framework/src/Illuminate/Routing/Router.php(805): Illuminate/Pipeline/Pipeline->then()
#19 C:/Users/holan/OneDrive/Documentos/EV1-laravel-atomic-design/EV1-laravel/vendor/laravel/framework/src/Illuminate/Routing/Router.php(784): Illuminate/Routing/Router->runRouteWithinStack()
#20 C:/Users/holan/OneDrive/Documentos/EV1-laravel-atomic-design/EV1-laravel/vendor/laravel/framework/src/Illuminate/Routing/Router.php(748): Illuminate/Routing/Router->runRoute()
#21 C:/Users/holan/OneDrive/Documentos/EV1-laravel-atomic-design/EV1-laravel/vendor/laravel/framework/src/Illuminate/Routing/Router.php(737): Illuminate/Routing/Router->dispatchToRoute()
#22 C:/Users/holan/OneDrive/Documentos/EV1-laravel-atomic-design/EV1-laravel/vendor/laravel/framework/src/Illuminate/Foundation/Http/Kernel.php(200): Illuminate/Routing/Router->dispatch()
#23 C:/Users/holan/OneDrive/Documentos/EV1-laravel-atomic-design/EV1-laravel/vendor/laravel/framework/src/Illuminate/Pipeline/Pipeline.php(144): Illuminate/Foundation/Http/Kernel->{closure:Illuminate/Foundation/Http/Kernel::dispatchToRouter():197}()
#24 C:/Users/holan/OneDrive/Documentos/EV1-laravel-atomic-design/EV1-laravel/vendor/laravel/framework/src/Illuminate/Foundation/Http/Middleware/TransformsRequest.php(21): Illuminate/Pipeline/Pipeline->{closure:Illuminate/Pipeline/Pipeline::prepareDestination():142}()
#25 C:/Users/holan/OneDrive/Documentos/EV1-laravel-atomic-design/EV1-laravel/vendor/laravel/framework/src/Illuminate/Foundation/Http/Middleware/ConvertEmptyStringsToNull.php(31): Illuminate/Foundation/Http/Middleware/TransformsRequest->handle()
#26 C:/Users/holan/OneDrive/Documentos/EV1-laravel-atomic-design/EV1-laravel/vendor/laravel/framework/src/Illuminate/Pipeline/Pipeline.php(183): Illuminate/Foundation/Http/Middleware/ConvertEmptyStringsToNull->handle()
#27 C:/Users/holan/OneDrive/Documentos/EV1-laravel-atomic-design/EV1-laravel/vendor/laravel/framework/src/Illuminate/Foundation/Http/Middleware/ValidatePostSize.php(27): Illuminate/Pipeline/Pipeline->{closure:{closure:Illuminate/Pipeline/Pipeline::carry():158}:159}()
#28 C:/Users/holan/OneDrive/Documentos/EV1-laravel-atomic-design/EV1-laravel/vendor/laravel/framework/src/Illuminate/Pipeline/Pipeline.php(183): Illuminate/Foundation/Http/Middleware/ValidatePostSize->handle()
#29 C:/Users/holan/OneDrive/Documentos/EV1-laravel-atomic-design/EV1-laravel/vendor/laravel/framework/src/Illuminate/Foundation/Http/Middleware/PreventRequestsDuringMaintenance.php(99): Illuminate/Pipeline/Pipeline->{closure:{closure:Illuminate/Pipeline/Pipeline::carry():158}:159}()
#30 C:/Users/holan/OneDrive/Documentos/EV1-laravel-atomic-design/EV1-laravel/vendor/laravel/framework/src/Illuminate/Pipeline/Pipeline.php(183): Illuminate/Foundation/Http/Middleware/PreventRequestsDuringMaintenance->handle()
#31 C:/Users/holan/OneDrive/Documentos/EV1-laravel-atomic-design/EV1-laravel/vendor/laravel/framework/src/Illuminate/Pipeline/Pipeline.php(119): Illuminate/Pipeline/Pipeline->{closure:{closure:Illuminate/Pipeline/Pipeline::carry():158}:159}()
#32 C:/Users/holan/OneDrive/Documentos/EV1-laravel-atomic-design/EV1-laravel/vendor/laravel/framework/src/Illuminate/Foundation/Http/Kernel.php(175): Illuminate/Pipeline/Pipeline->then()
#33 C:/Users/holan/OneDrive/Documentos/EV1-laravel-atomic-design/EV1-laravel/vendor/laravel/framework/src/Illuminate/Foundation/Http/Kernel.php(144): Illuminate/Foundation/Http/Kernel->sendRequestThroughRouter()
#34 C:/Users/holan/OneDrive/Documentos/EV1-laravel-atomic-design/EV1-laravel/public/index.php(51): Illuminate/Foundation/Http/Kernel->handle()
#35 C:/Users/holan/OneDrive/Documentos/EV1-laravel-atomic-design/EV1-laravel/vendor/laravel/framework/src/Illuminate/Foundation/resources/server.php(16): require_once('...')
#36 {main}
"} 
[2026-08-13 13:38:39] local.ERROR: No application encryption key has been specified. {"exception":"[object] (Illuminate\\Encryption\\MissingAppKeyException(code: 0): No application encryption key has been specified. at C:/Users/holan/OneDrive/Documentos/EV1-laravel-atomic-design/EV1-laravel/vendor/laravel/framework/src/Illuminate/Encryption/EncryptionServiceProvider.php:79)
[stacktrace]
#0 C:/Users/holan/OneDrive/Documentos/EV1-laravel-atomic-design/EV1-laravel/vendor/laravel/framework/src/Illuminate/Support/helpers.php(320): Illuminate/Encryption/EncryptionServiceProvider->{closure:Illuminate/Encryption/EncryptionServiceProvider::key():77}()
#1 C:/Users/holan/OneDrive/Documentos/EV1-laravel-atomic-design/EV1-laravel/vendor/laravel/framework/src/Illuminate/Encryption/EncryptionServiceProvider.php(77): tap()
#2 C:/Users/holan/OneDrive/Documentos/EV1-laravel-atomic-design/EV1-laravel/vendor/laravel/framework/src/Illuminate/Encryption/EncryptionServiceProvider.php(60): Illuminate/Encryption/EncryptionServiceProvider->key()
#3 C:/Users/holan/OneDrive/Documentos/EV1-laravel-atomic-design/EV1-laravel/vendor/laravel/framework/src/Illuminate/Encryption/EncryptionServiceProvider.php(32): Illuminate/Encryption/EncryptionServiceProvider->parseKey()
#4 C:/Users/holan/OneDrive/Documentos/EV1-laravel-atomic-design/EV1-laravel/vendor/laravel/framework/src/Illuminate/Container/Container.php(908): Illuminate/Encryption/EncryptionServiceProvider->{closure:Illuminate/Encryption/EncryptionServiceProvider::registerEncrypter():29}()
#5 C:/Users/holan/OneDrive/Documentos/EV1-laravel-atomic-design/EV1-laravel/vendor/laravel/framework/src/Illuminate/Container/Container.php(795): Illuminate/Container/Container->build()
#6 C:/Users/holan/OneDrive/Documentos/EV1-laravel-atomic-design/EV1-laravel/vendor/laravel/framework/src/Illuminate/Foundation/Application.php(986): Illuminate/Container/Container->resolve()
#7 C:/Users/holan/OneDrive/Documentos/EV1-laravel-atomic-design/EV1-laravel/vendor/laravel/framework/src/Illuminate/Container/Container.php(731): Illuminate/Foundation/Application->resolve()
#8 C:/Users/holan/OneDrive/Documentos/EV1-laravel-atomic-design/EV1-laravel/vendor/laravel/framework/src/Illuminate/Foundation/Application.php(971): Illuminate/Container/Container->make()
#9 C:/Users/holan/OneDrive/Documentos/EV1-laravel-atomic-design/EV1-laravel/vendor/laravel/framework/src/Illuminate/Container/Container.php(1066): Illuminate/Foundation/Application->make()
#10 C:/Users/holan/OneDrive/Documentos/EV1-laravel-atomic-design/EV1-laravel/vendor/laravel/framework/src/Illuminate/Container/Container.php(982): Illuminate/Container/Container->resolveClass()
#11 C:/Users/holan/OneDrive/Documentos/EV1-laravel-atomic-design/EV1-laravel/vendor/laravel/framework/src/Illuminate/Container/Container.php(943): Illuminate/Container/Container->resolveDependencies()
#12 C:/Users/holan/OneDrive/Documentos/EV1-laravel-atomic-design/EV1-laravel/vendor/laravel/framework/src/Illuminate/Container/Container.php(795): Illuminate/Container/Container->build()
#13 C:/Users/holan/OneDrive/Documentos/EV1-laravel-atomic-design/EV1-laravel/vendor/laravel/framework/src/Illuminate/Foundation/Application.php(986): Illuminate/Container/Container->resolve()
#14 C:/Users/holan/OneDrive/Documentos/EV1-laravel-atomic-design/EV1-laravel/vendor/laravel/framework/src/Illuminate/Container/Container.php(731): Illuminate/Foundation/Application->resolve()
#15 C:/Users/holan/OneDrive/Documentos/EV1-laravel-atomic-design/EV1-laravel/vendor/laravel/framework/src/Illuminate/Foundation/Application.php(971): Illuminate/Container/Container->make()
#16 C:/Users/holan/OneDrive/Documentos/EV1-laravel-atomic-design/EV1-laravel/vendor/laravel/framework/src/Illuminate/Foundation/Http/Kernel.php(255): Illuminate/Foundation/Application->make()
#17 C:/Users/holan/OneDrive/Documentos/EV1-laravel-atomic-design/EV1-laravel/vendor/laravel/framework/src/Illuminate/Foundation/Http/Kernel.php(213): Illuminate/Foundation/Http/Kernel->terminateMiddleware()
#18 C:/Users/holan/OneDrive/Documentos/EV1-laravel-atomic-design/EV1-laravel/public/index.php(55): Illuminate/Foundation/Http/Kernel->terminate()
#19 C:/Users/holan/OneDrive/Documentos/EV1-laravel-atomic-design/EV1-laravel/vendor/laravel/framework/src/Illuminate/Foundation/resources/server.php(16): require_once('...')
#20 {main}
"} 
[2026-08-13 13:39:04] local.ERROR: No application encryption key has been specified. {"exception":"[object] (Illuminate\\Encryption\\MissingAppKeyException(code: 0): No application encryption key has been specified. at C:/Users/holan/OneDrive/Documentos/EV1-laravel-atomic-design/EV1-laravel/vendor/laravel/framework/src/Illuminate/Encryption/EncryptionServiceProvider.php:79)
[stacktrace]
#0 C:/Users/holan/OneDrive/Documentos/EV1-laravel-atomic-design/EV1-laravel/vendor/laravel/framework/src/Illuminate/Support/helpers.php(320): Illuminate/Encryption/EncryptionServiceProvider->{closure:Illuminate/Encryption/EncryptionServiceProvider::key():77}()
#1 C:/Users/holan/OneDrive/Documentos/EV1-laravel-atomic-design/EV1-laravel/vendor/laravel/framework/src/Illuminate/Encryption/EncryptionServiceProvider.php(77): tap()
#2 C:/Users/holan/OneDrive/Documentos/EV1-laravel-atomic-design/EV1-laravel/vendor/laravel/framework/src/Illuminate/Encryption/EncryptionServiceProvider.php(60): Illuminate/Encryption/EncryptionServiceProvider->key()
#3 C:/Users/holan/OneDrive/Documentos/EV1-laravel-atomic-design/EV1-laravel/vendor/laravel/framework/src/Illuminate/Encryption/EncryptionServiceProvider.php(32): Illuminate/Encryption/EncryptionServiceProvider->parseKey()
#4 C:/Users/holan/OneDrive/Documentos/EV1-laravel-atomic-design/EV1-laravel/vendor/laravel/framework/src/Illuminate/Container/Container.php(908): Illuminate/Encryption/EncryptionServiceProvider->{closure:Illuminate/Encryption/EncryptionServiceProvider::registerEncrypter():29}()
#5 C:/Users/holan/OneDrive/Documentos/EV1-laravel-atomic-design/EV1-laravel/vendor/laravel/framework/src/Illuminate/Container/Container.php(795): Illuminate/Container/Container->build()
#6 C:/Users/holan/OneDrive/Documentos/EV1-laravel-atomic-design/EV1-laravel/vendor/laravel/framework/src/Illuminate/Foundation/Application.php(986): Illuminate/Container/Container->resolve()
#7 C:/Users/holan/OneDrive/Documentos/EV1-laravel-atomic-design/EV1-laravel/vendor/laravel/framework/src/Illuminate/Container/Container.php(731): Illuminate/Foundation/Application->resolve()
#8 C:/Users/holan/OneDrive/Documentos/EV1-laravel-atomic-design/EV1-laravel/vendor/laravel/framework/src/Illuminate/Foundation/Application.php(971): Illuminate/Container/Container->make()
#9 C:/Users/holan/OneDrive/Documentos/EV1-laravel-atomic-design/EV1-laravel/vendor/laravel/framework/src/Illuminate/Container/Container.php(1066): Illuminate/Foundation/Application->make()
#10 C:/Users/holan/OneDrive/Documentos/EV1-laravel-atomic-design/EV1-laravel/vendor/laravel/framework/src/Illuminate/Container/Container.php(982): Illuminate/Container/Container->resolveClass()
#11 C:/Users/holan/OneDrive/Documentos/EV1-laravel-atomic-design/EV1-laravel/vendor/laravel/framework/src/Illuminate/Container/Container.php(943): Illuminate/Container/Container->resolveDependencies()
#12 C:/Users/holan/OneDrive/Documentos/EV1-laravel-atomic-design/EV1-laravel/vendor/laravel/framework/src/Illuminate/Container/Container.php(795): Illuminate/Container/Container->build()
#13 C:/Users/holan/OneDrive/Documentos/EV1-laravel-atomic-design/EV1-laravel/vendor/laravel/framework/src/Illuminate/Foundation/Application.php(986): Illuminate/Container/Container->resolve()
#14 C:/Users/holan/OneDrive/Documentos/EV1-laravel-atomic-design/EV1-laravel/vendor/laravel/framework/src/Illuminate/Container/Container.php(731): Illuminate/Foundation/Application->resolve()
#15 C:/Users/holan/OneDrive/Documentos/EV1-laravel-atomic-design/EV1-laravel/vendor/laravel/framework/src/Illuminate/Foundation/Application.php(971): Illuminate/Container/Container->make()
#16 C:/Users/holan/OneDrive/Documentos/EV1-laravel-atomic-design/EV1-laravel/vendor/laravel/framework/src/Illuminate/Pipeline/Pipeline.php(172): Illuminate/Foundation/Application->make()
#17 C:/Users/holan/OneDrive/Documentos/EV1-laravel-atomic-design/EV1-laravel/vendor/laravel/framework/src/Illuminate/Pipeline/Pipeline.php(119): Illuminate/Pipeline/Pipeline->{closure:{closure:Illuminate/Pipeline/Pipeline::carry():158}:159}()
#18 C:/Users/holan/OneDrive/Documentos/EV1-laravel-atomic-design/EV1-laravel/vendor/laravel/framework/src/Illuminate/Routing/Router.php(805): Illuminate/Pipeline/Pipeline->then()
#19 C:/Users/holan/OneDrive/Documentos/EV1-laravel-atomic-design/EV1-laravel/vendor/laravel/framework/src/Illuminate/Routing/Router.php(784): Illuminate/Routing/Router->runRouteWithinStack()
#20 C:/Users/holan/OneDrive/Documentos/EV1-laravel-atomic-design/EV1-laravel/vendor/laravel/framework/src/Illuminate/Routing/Router.php(748): Illuminate/Routing/Router->runRoute()
#21 C:/Users/holan/OneDrive/Documentos/EV1-laravel-atomic-design/EV1-laravel/vendor/laravel/framework/src/Illuminate/Routing/Router.php(737): Illuminate/Routing/Router->dispatchToRoute()
#22 C:/Users/holan/OneDrive/Documentos/EV1-laravel-atomic-design/EV1-laravel/vendor/laravel/framework/src/Illuminate/Foundation/Http/Kernel.php(200): Illuminate/Routing/Router->dispatch()
#23 C:/Users/holan/OneDrive/Documentos/EV1-laravel-atomic-design/EV1-laravel/vendor/laravel/framework/src/Illuminate/Pipeline/Pipeline.php(144): Illuminate/Foundation/Http/Kernel->{closure:Illuminate/Foundation/Http/Kernel::dispatchToRouter():197}()
#24 C:/Users/holan/OneDrive/Documentos/EV1-laravel-atomic-design/EV1-laravel/vendor/laravel/framework/src/Illuminate/Foundation/Http/Middleware/TransformsRequest.php(21): Illuminate/Pipeline/Pipeline->{closure:Illuminate/Pipeline/Pipeline::prepareDestination():142}()
#25 C:/Users/holan/OneDrive/Documentos/EV1-laravel-atomic-design/EV1-laravel/vendor/laravel/framework/src/Illuminate/Foundation/Http/Middleware/ConvertEmptyStringsToNull.php(31): Illuminate/Foundation/Http/Middleware/TransformsRequest->handle()
#26 C:/Users/holan/OneDrive/Documentos/EV1-laravel-atomic-design/EV1-laravel/vendor/laravel/framework/src/Illuminate/Pipeline/Pipeline.php(183): Illuminate/Foundation/Http/Middleware/ConvertEmptyStringsToNull->handle()
#27 C:/Users/holan/OneDrive/Documentos/EV1-laravel-atomic-design/EV1-laravel/vendor/laravel/framework/src/Illuminate/Foundation/Http/Middleware/ValidatePostSize.php(27): Illuminate/Pipeline/Pipeline->{closure:{closure:Illuminate/Pipeline/Pipeline::carry():158}:159}()
#28 C:/Users/holan/OneDrive/Documentos/EV1-laravel-atomic-design/EV1-laravel/vendor/laravel/framework/src/Illuminate/Pipeline/Pipeline.php(183): Illuminate/Foundation/Http/Middleware/ValidatePostSize->handle()
#29 C:/Users/holan/OneDrive/Documentos/EV1-laravel-atomic-design/EV1-laravel/vendor/laravel/framework/src/Illuminate/Foundation/Http/Middleware/PreventRequestsDuringMaintenance.php(99): Illuminate/Pipeline/Pipeline->{closure:{closure:Illuminate/Pipeline/Pipeline::carry():158}:159}()
#30 C:/Users/holan/OneDrive/Documentos/EV1-laravel-atomic-design/EV1-laravel/vendor/laravel/framework/src/Illuminate/Pipeline/Pipeline.php(183): Illuminate/Foundation/Http/Middleware/PreventRequestsDuringMaintenance->handle()
#31 C:/Users/holan/OneDrive/Documentos/EV1-laravel-atomic-design/EV1-laravel/vendor/laravel/framework/src/Illuminate/Pipeline/Pipeline.php(119): Illuminate/Pipeline/Pipeline->{closure:{closure:Illuminate/Pipeline/Pipeline::carry():158}:159}()
#32 C:/Users/holan/OneDrive/Documentos/EV1-laravel-atomic-design/EV1-laravel/vendor/laravel/framework/src/Illuminate/Foundation/Http/Kernel.php(175): Illuminate/Pipeline/Pipeline->then()
#33 C:/Users/holan/OneDrive/Documentos/EV1-laravel-atomic-design/EV1-laravel/vendor/laravel/framework/src/Illuminate/Foundation/Http/Kernel.php(144): Illuminate/Foundation/Http/Kernel->sendRequestThroughRouter()
#34 C:/Users/holan/OneDrive/Documentos/EV1-laravel-atomic-design/EV1-laravel/public/index.php(51): Illuminate/Foundation/Http/Kernel->handle()
#35 C:/Users/holan/OneDrive/Documentos/EV1-laravel-atomic-design/EV1-laravel/vendor/laravel/framework/src/Illuminate/Foundation/resources/server.php(16): require_once('...')
#36 {main}
"} 
[2026-08-13 13:39:04] local.ERROR: No application encryption key has been specified. {"exception":"[object] (Illuminate\\Encryption\\MissingAppKeyException(code: 0): No application encryption key has been specified. at C:/Users/holan/OneDrive/Documentos/EV1-laravel-atomic-design/EV1-laravel/vendor/laravel/framework/src/Illuminate/Encryption/EncryptionServiceProvider.php:79)
[stacktrace]
#0 C:/Users/holan/OneDrive/Documentos/EV1-laravel-atomic-design/EV1-laravel/vendor/laravel/framework/src/Illuminate/Support/helpers.php(320): Illuminate/Encryption/EncryptionServiceProvider->{closure:Illuminate/Encryption/EncryptionServiceProvider::key():77}()
#1 C:/Users/holan/OneDrive/Documentos/EV1-laravel-atomic-design/EV1-laravel/vendor/laravel/framework/src/Illuminate/Encryption/EncryptionServiceProvider.php(77): tap()
#2 C:/Users/holan/OneDrive/Documentos/EV1-laravel-atomic-design/EV1-laravel/vendor/laravel/framework/src/Illuminate/Encryption/EncryptionServiceProvider.php(60): Illuminate/Encryption/EncryptionServiceProvider->key()
#3 C:/Users/holan/OneDrive/Documentos/EV1-laravel-atomic-design/EV1-laravel/vendor/laravel/framework/src/Illuminate/Encryption/EncryptionServiceProvider.php(32): Illuminate/Encryption/EncryptionServiceProvider->parseKey()
#4 C:/Users/holan/OneDrive/Documentos/EV1-laravel-atomic-design/EV1-laravel/vendor/laravel/framework/src/Illuminate/Container/Container.php(908): Illuminate/Encryption/EncryptionServiceProvider->{closure:Illuminate/Encryption/EncryptionServiceProvider::registerEncrypter():29}()
#5 C:/Users/holan/OneDrive/Documentos/EV1-laravel-atomic-design/EV1-laravel/vendor/laravel/framework/src/Illuminate/Container/Container.php(795): Illuminate/Container/Container->build()
#6 C:/Users/holan/OneDrive/Documentos/EV1-laravel-atomic-design/EV1-laravel/vendor/laravel/framework/src/Illuminate/Foundation/Application.php(986): Illuminate/Container/Container->resolve()
#7 C:/Users/holan/OneDrive/Documentos/EV1-laravel-atomic-design/EV1-laravel/vendor/laravel/framework/src/Illuminate/Container/Container.php(731): Illuminate/Foundation/Application->resolve()
#8 C:/Users/holan/OneDrive/Documentos/EV1-laravel-atomic-design/EV1-laravel/vendor/laravel/framework/src/Illuminate/Foundation/Application.php(971): Illuminate/Container/Container->make()
#9 C:/Users/holan/OneDrive/Documentos/EV1-laravel-atomic-design/EV1-laravel/vendor/laravel/framework/src/Illuminate/Container/Container.php(1066): Illuminate/Foundation/Application->make()
#10 C:/Users/holan/OneDrive/Documentos/EV1-laravel-atomic-design/EV1-laravel/vendor/laravel/framework/src/Illuminate/Container/Container.php(982): Illuminate/Container/Container->resolveClass()
#11 C:/Users/holan/OneDrive/Documentos/EV1-laravel-atomic-design/EV1-laravel/vendor/laravel/framework/src/Illuminate/Container/Container.php(943): Illuminate/Container/Container->resolveDependencies()
#12 C:/Users/holan/OneDrive/Documentos/EV1-laravel-atomic-design/EV1-laravel/vendor/laravel/framework/src/Illuminate/Container/Container.php(795): Illuminate/Container/Container->build()
#13 C:/Users/holan/OneDrive/Documentos/EV1-laravel-atomic-design/EV1-laravel/vendor/laravel/framework/src/Illuminate/Foundation/Application.php(986): Illuminate/Container/Container->resolve()
#14 C:/Users/holan/OneDrive/Documentos/EV1-laravel-atomic-design/EV1-laravel/vendor/laravel/framework/src/Illuminate/Container/Container.php(731): Illuminate/Foundation/Application->resolve()
#15 C:/Users/holan/OneDrive/Documentos/EV1-laravel-atomic-design/EV1-laravel/vendor/laravel/framework/src/Illuminate/Foundation/Application.php(971): Illuminate/Container/Container->make()
#16 C:/Users/holan/OneDrive/Documentos/EV1-laravel-atomic-design/EV1-laravel/vendor/laravel/framework/src/Illuminate/Foundation/Http/Kernel.php(255): Illuminate/Foundation/Application->make()
#17 C:/Users/holan/OneDrive/Documentos/EV1-laravel-atomic-design/EV1-laravel/vendor/laravel/framework/src/Illuminate/Foundation/Http/Kernel.php(213): Illuminate/Foundation/Http/Kernel->terminateMiddleware()
#18 C:/Users/holan/OneDrive/Documentos/EV1-laravel-atomic-design/EV1-laravel/public/index.php(55): Illuminate/Foundation/Http/Kernel->terminate()
#19 C:/Users/holan/OneDrive/Documentos/EV1-laravel-atomic-design/EV1-laravel/vendor/laravel/framework/src/Illuminate/Foundation/resources/server.php(16): require_once('...')
#20 {main}
"} 
